store_location,datetime,transactions,quantity,revenue
Astoria,2023-01-01,190,277,868.4
Astoria,2023-01-02,212,301,925.5
Astoria,2023-01-03,205,287,902.75
Astoria,2023-01-04,187,262,808.25
Astoria,2023-01-05,198,285,903.05
Astoria,2023-01-06,152,224,716.05
Astoria,2023-01-07,184,257,807.3
Astoria,2023-01-08,161,227,793.15
Astoria,2023-01-09,165,208,774.01
Astoria,2023-01-10,210,305,947.0
Astoria,2023-01-11,162,229,740.15
Astoria,2023-01-12,144,206,660.7
Astoria,2023-01-13,175,246,705.8
Astoria,2023-01-14,157,213,763.7
Astoria,2023-01-15,262,365,1348.93
Astoria,2023-01-16,229,319,1027.33
Astoria,2023-01-17,209,297,1075.4
Astoria,2023-01-18,214,295,1064.03
Astoria,2023-01-19,220,313,1079.38
Astoria,2023-01-20,212,215,871.4300000000001
Astoria,2023-01-21,183,265,992.35
Astoria,2023-01-22,166,240,742.8
Astoria,2023-01-23,202,292,928.3
Astoria,2023-01-24,202,292,922.05
Astoria,2023-01-25,216,314,942.0
Astoria,2023-01-26,215,308,939.25
Astoria,2023-01-27,192,273,838.55
Astoria,2023-01-28,168,244,733.25
Astoria,2023-01-29,184,261,820.7
Astoria,2023-01-30,172,242,870.6
Astoria,2023-01-31,165,219,801.5
Astoria,2023-02-01,188,272,833.7
Astoria,2023-02-02,210,302,944.8
Astoria,2023-02-03,214,301,940.2
Astoria,2023-02-04,191,271,825.95
Astoria,2023-02-05,208,283,871.25
Astoria,2023-02-06,139,209,655.35
Astoria,2023-02-07,185,255,804.3
Astoria,2023-02-08,191,263,928.8
Astoria,2023-02-09,182,225,866.8000000000001
Astoria,2023-02-10,199,297,868.0
Astoria,2023-02-11,155,212,670.05
Astoria,2023-02-12,142,207,680.6
Astoria,2023-02-13,149,212,641.9
Astoria,2023-02-14,151,210,747.05
Astoria,2023-02-15,262,375,1254.95
Astoria,2023-02-16,243,341,1191.3
Astoria,2023-02-17,214,298,967.6
Astoria,2023-02-18,202,297,1069.53
Astoria,2023-02-19,250,342,1164.4
Astoria,2023-02-20,205,209,760.23
Astoria,2023-02-21,168,238,870.48
Astoria,2023-02-22,214,334,1037.5
Astoria,2023-02-23,200,283,904.5
Astoria,2023-02-24,213,303,986.9
Astoria,2023-02-25,185,266,813.55
Astoria,2023-02-26,233,337,1030.9
Astoria,2023-02-27,208,301,931.85
Astoria,2023-02-28,189,275,842.9
Astoria,2023-03-01,229,328,1021.1
Astoria,2023-03-02,243,352,1088.4
Astoria,2023-03-03,264,371,1160.35
Astoria,2023-03-04,228,328,1008.75
Astoria,2023-03-05,253,355,1097.15
Astoria,2023-03-06,169,231,732.75
Astoria,2023-03-07,212,293,921.3
Astoria,2023-03-08,241,332,1209.08
Astoria,2023-03-09,199,249,908.83
Astoria,2023-03-10,230,327,1081.2
Astoria,2023-03-11,201,295,995.25
Astoria,2023-03-12,144,202,664.13
Astoria,2023-03-13,199,282,846.1
Astoria,2023-03-14,183,257,966.55
Astoria,2023-03-15,283,398,1417.45
Astoria,2023-03-16,258,359,1149.13
Astoria,2023-03-17,296,408,1440.45
Astoria,2023-03-18,260,353,1207.58
Astoria,2023-03-19,279,392,1488.5
Astoria,2023-03-20,280,285,1113.08
Astoria,2023-03-21,171,236,835.85
Astoria,2023-03-22,252,367,1124.55
Astoria,2023-03-23,234,328,1060.55
Astoria,2023-03-24,246,355,1123.2
Astoria,2023-03-25,237,337,1025.75
Astoria,2023-03-26,268,391,1208.65
Astoria,2023-03-27,249,360,1124.0
Astoria,2023-03-28,213,312,954.75
Astoria,2023-03-29,231,317,978.8
Astoria,2023-03-30,218,307,967.05
Astoria,2023-03-31,210,292,915.15
Astoria,2023-04-01,302,433,1316.5
Astoria,2023-04-02,294,430,1351.35
Astoria,2023-04-03,298,429,1333.3999999999999
Astoria,2023-04-04,262,371,1150.75
Astoria,2023-04-05,290,400,1242.15
Astoria,2023-04-06,227,318,1002.95
Astoria,2023-04-07,262,363,1138.6
Astoria,2023-04-08,316,444,1631.93
Astoria,2023-04-09,254,320,1192.18
Astoria,2023-04-10,288,416,1355.45
Astoria,2023-04-11,278,411,1295.0
Astoria,2023-04-12,203,287,958.63
Astoria,2023-04-13,259,353,1069.7
Astoria,2023-04-14,223,322,1195.83
Astoria,2023-04-15,326,470,1622.66
Astoria,2023-04-16,327,451,1482.08
Astoria,2023-04-17,315,457,1543.6
Astoria,2023-04-18,322,453,1608.79
Astoria,2023-04-19,349,488,1738.93
Astoria,2023-04-20,289,294,1163.95
Astoria,2023-04-21,213,305,1101.88
Astoria,2023-04-22,278,414,1291.95
Astoria,2023-04-23,296,428,1384.05
Astoria,2023-04-24,347,490,1539.8
Astoria,2023-04-25,301,430,1306.1
Astoria,2023-04-26,321,461,1447.5
Astoria,2023-04-27,317,461,1439.55
Astoria,2023-04-28,270,386,1172.7
Astoria,2023-04-29,252,355,1124.05
Astoria,2023-04-30,277,386,1275.6
Astoria,2023-05-01,376,533,1657.65
Astoria,2023-05-02,393,564,1758.45
Astoria,2023-05-03,402,567,1760.45
Astoria,2023-05-04,385,547,1709.85
Astoria,2023-05-05,387,554,1726.65
Astoria,2023-05-06,291,414,1293.05
Astoria,2023-05-07,324,452,1416.6
Astoria,2023-05-08,391,546,1967.68
Astoria,2023-05-09,313,387,1362.11
Astoria,2023-05-10,380,550,1716.9
Astoria,2023-05-11,313,443,1395.0
Astoria,2023-05-12,254,362,1175.08
Astoria,2023-05-13,315,439,1299.85
Astoria,2023-05-14,293,417,1482.0
Astoria,2023-05-15,447,630,2180.88
Astoria,2023-05-16,450,623,2042.15
Astoria,2023-05-17,398,566,1942.5
Astoria,2023-05-18,397,566,1965.94
Astoria,2023-05-19,448,644,2184.7
Astoria,2023-05-20,416,423,1798.73
Astoria,2023-05-21,295,418,1568.78
Astoria,2023-05-22,390,582,1773.15
Astoria,2023-05-23,359,525,1653.1
Astoria,2023-05-24,422,605,1889.65
Astoria,2023-05-25,369,528,1628.15
Astoria,2023-05-26,409,591,1826.65
Astoria,2023-05-27,374,540,1661.05
Astoria,2023-05-28,372,531,1612.85
Astoria,2023-05-29,363,516,1637.1
Astoria,2023-05-30,382,539,1670.95
Astoria,2023-05-31,367,512,1671.11
Astoria,2023-06-01,408,583,1794.85
Astoria,2023-06-02,432,622,1915.45
Astoria,2023-06-03,439,616,1953.5
Astoria,2023-06-04,400,572,1760.9
Astoria,2023-06-05,416,595,1842.45
Astoria,2023-06-06,313,446,1397.1
Astoria,2023-06-07,355,494,1555.55
Astoria,2023-06-08,414,574,2168.68
Astoria,2023-06-09,341,433,1518.48
Astoria,2023-06-10,375,538,1749.4499999999998
Astoria,2023-06-11,368,524,1703.65
Astoria,2023-06-12,273,394,1244.6
Astoria,2023-06-13,341,480,1439.45
Astoria,2023-06-14,303,425,1588.55
Astoria,2023-06-15,468,661,2373.21
Astoria,2023-06-16,483,679,2229.8
Astoria,2023-06-17,435,618,2072.65
Astoria,2023-06-18,437,605,2044.8799999999999
Astoria,2023-06-19,489,688,2546.4300000000003
Astoria,2023-06-20,434,440,1679.38
Astoria,2023-06-21,317,438,1614.25
Astoria,2023-06-22,407,613,1912.05
Astoria,2023-06-23,409,594,1864.4
Astoria,2023-06-24,472,678,2117.55
Astoria,2023-06-25,396,568,1740.7
Astoria,2023-06-26,432,635,1975.1
Astoria,2023-06-27,421,598,1861.55
Astoria,2023-06-28,393,580,1758.1
Astoria,2023-06-29,410,585,1852.75
Astoria,2023-06-30,404,577,1807.65
Hell's Kitchen,2023-01-01,184,270,851.45
Hell's Kitchen,2023-01-02,195,272,828.8
Hell's Kitchen,2023-01-03,211,295,906.25
Hell's Kitchen,2023-01-04,170,256,781.65
Hell's Kitchen,2023-01-05,168,235,714.9
Hell's Kitchen,2023-01-06,176,256,767.2
Hell's Kitchen,2023-01-07,222,323,1024.1
Hell's Kitchen,2023-01-08,196,277,872.83
Hell's Kitchen,2023-01-09,194,272,894.4
Hell's Kitchen,2023-01-10,189,273,808.1
Hell's Kitchen,2023-01-11,212,295,974.55
Hell's Kitchen,2023-01-12,179,251,751.9
Hell's Kitchen,2023-01-13,257,409,1362.6000000000001
Hell's Kitchen,2023-01-14,241,326,1143.81
Hell's Kitchen,2023-01-15,202,280,962.43
Hell's Kitchen,2023-01-16,206,277,951.1500000000001
Hell's Kitchen,2023-01-17,138,214,1421.5
Hell's Kitchen,2023-01-18,188,263,846.1
Hell's Kitchen,2023-01-19,212,293,1046.25
Hell's Kitchen,2023-01-20,198,284,940.75
Hell's Kitchen,2023-01-21,233,318,1075.5
Hell's Kitchen,2023-01-22,139,196,621.4499999999999
Hell's Kitchen,2023-01-23,217,304,1026.1
Hell's Kitchen,2023-01-24,173,242,841.1
Hell's Kitchen,2023-01-25,180,258,840.7
Hell's Kitchen,2023-01-26,185,255,856.4300000000001
Hell's Kitchen,2023-01-27,181,264,760.05
Hell's Kitchen,2023-01-28,162,227,699.65
Hell's Kitchen,2023-01-29,135,195,612.15
Hell's Kitchen,2023-01-30,166,242,868.4
Hell's Kitchen,2023-01-31,159,218,768.4
Hell's Kitchen,2023-02-01,179,269,849.4
Hell's Kitchen,2023-02-02,200,287,883.95
Hell's Kitchen,2023-02-03,202,291,896.0
Hell's Kitchen,2023-02-04,200,278,844.65
Hell's Kitchen,2023-02-05,161,233,709.35
Hell's Kitchen,2023-02-06,182,264,796.15
Hell's Kitchen,2023-02-07,203,292,893.25
Hell's Kitchen,2023-02-08,209,298,949.93
Hell's Kitchen,2023-02-09,209,292,859.25
Hell's Kitchen,2023-02-10,231,326,1072.3
Hell's Kitchen,2023-02-11,221,307,1031.21
Hell's Kitchen,2023-02-12,231,326,1125.8
Hell's Kitchen,2023-02-13,232,363,1185.15
Hell's Kitchen,2023-02-14,257,349,1163.65
Hell's Kitchen,2023-02-15,181,254,850.25
Hell's Kitchen,2023-02-16,195,265,908.23
Hell's Kitchen,2023-02-17,151,209,637.6
Hell's Kitchen,2023-02-18,212,297,1049.5
Hell's Kitchen,2023-02-19,242,331,1164.2
Hell's Kitchen,2023-02-20,219,316,1066.65
Hell's Kitchen,2023-02-21,222,307,958.6500000000001
Hell's Kitchen,2023-02-22,180,254,830.7
Hell's Kitchen,2023-02-23,177,240,888.98
Hell's Kitchen,2023-02-24,176,256,815.1
Hell's Kitchen,2023-02-25,182,255,853.35
Hell's Kitchen,2023-02-26,198,269,928.45
Hell's Kitchen,2023-02-27,187,272,758.9
Hell's Kitchen,2023-02-28,167,237,749.2
Hell's Kitchen,2023-03-01,214,330,1040.45
Hell's Kitchen,2023-03-02,228,331,1020.75
Hell's Kitchen,2023-03-03,229,328,1037.55
Hell's Kitchen,2023-03-04,195,281,868.4
Hell's Kitchen,2023-03-05,207,299,904.0
Hell's Kitchen,2023-03-06,205,306,934.95
Hell's Kitchen,2023-03-07,263,374,1136.05
Hell's Kitchen,2023-03-08,262,357,1184.08
Hell's Kitchen,2023-03-09,286,399,1268.7
Hell's Kitchen,2023-03-10,284,384,1252.18
Hell's Kitchen,2023-03-11,252,363,1140.8
Hell's Kitchen,2023-03-12,266,370,1278.05
Hell's Kitchen,2023-03-13,269,423,1440.9
Hell's Kitchen,2023-03-14,289,380,1379.83
Hell's Kitchen,2023-03-15,229,317,1005.28
Hell's Kitchen,2023-03-16,260,350,1142.43
Hell's Kitchen,2023-03-17,176,236,788.45
Hell's Kitchen,2023-03-18,240,337,1163.25
Hell's Kitchen,2023-03-19,256,340,1085.18
Hell's Kitchen,2023-03-20,246,351,1114.1
Hell's Kitchen,2023-03-21,293,394,1316.7
Hell's Kitchen,2023-03-22,207,277,923.9
Hell's Kitchen,2023-03-23,237,325,1142.33
Hell's Kitchen,2023-03-24,213,300,1015.9
Hell's Kitchen,2023-03-25,213,297,1006.3
Hell's Kitchen,2023-03-26,208,287,971.63
Hell's Kitchen,2023-03-27,263,380,1060.6
Hell's Kitchen,2023-03-28,206,280,892.55
Hell's Kitchen,2023-03-29,157,221,672.9
Hell's Kitchen,2023-03-30,211,291,998.98
Hell's Kitchen,2023-03-31,203,290,923.4
Hell's Kitchen,2023-04-01,261,390,1215.35
Hell's Kitchen,2023-04-02,275,399,1222.3
Hell's Kitchen,2023-04-03,257,367,1144.0
Hell's Kitchen,2023-04-04,250,355,1084.55
Hell's Kitchen,2023-04-05,250,356,1108.3
Hell's Kitchen,2023-04-06,267,389,1167.0
Hell's Kitchen,2023-04-07,338,490,1529.45
Hell's Kitchen,2023-04-08,315,443,1427.78
Hell's Kitchen,2023-04-09,330,460,1431.4
Hell's Kitchen,2023-04-10,311,425,1411.05
Hell's Kitchen,2023-04-11,304,420,1362.03
Hell's Kitchen,2023-04-12,337,476,1569.0
Hell's Kitchen,2023-04-13,354,547,1797.4
Hell's Kitchen,2023-04-14,358,483,1818.46
Hell's Kitchen,2023-04-15,270,372,1229.08
Hell's Kitchen,2023-04-16,335,461,1555.43
Hell's Kitchen,2023-04-17,205,291,1638.45
Hell's Kitchen,2023-04-18,329,470,1580.6
Hell's Kitchen,2023-04-19,309,418,1449.18
Hell's Kitchen,2023-04-20,286,422,1317.4
Hell's Kitchen,2023-04-21,340,466,1521.85
Hell's Kitchen,2023-04-22,226,315,1035.45
Hell's Kitchen,2023-04-23,284,396,1414.48
Hell's Kitchen,2023-04-24,248,348,1166.75
Hell's Kitchen,2023-04-25,266,376,1284.55
Hell's Kitchen,2023-04-26,304,417,1427.5
Hell's Kitchen,2023-04-27,319,462,1301.45
Hell's Kitchen,2023-04-28,248,344,1089.95
Hell's Kitchen,2023-04-29,199,290,892.55
Hell's Kitchen,2023-04-30,254,346,1111.4
Hell's Kitchen,2023-05-01,347,512,1598.4
Hell's Kitchen,2023-05-02,358,517,1590.55
Hell's Kitchen,2023-05-03,357,503,1552.5
Hell's Kitchen,2023-05-04,323,467,1448.55
Hell's Kitchen,2023-05-05,322,463,1445.7
Hell's Kitchen,2023-05-06,327,478,1433.1
Hell's Kitchen,2023-05-07,437,635,1957.55
Hell's Kitchen,2023-05-08,396,560,1767.38
Hell's Kitchen,2023-05-09,430,608,1916.2
Hell's Kitchen,2023-05-10,422,586,1942.63
Hell's Kitchen,2023-05-11,404,562,1905.31
Hell's Kitchen,2023-05-12,411,583,1896.4
Hell's Kitchen,2023-05-13,445,684,2312.6
Hell's Kitchen,2023-05-14,424,561,1979.71
Hell's Kitchen,2023-05-15,342,480,1592.65
Hell's Kitchen,2023-05-16,399,541,1815.78
Hell's Kitchen,2023-05-17,247,359,1791.3500000000001
Hell's Kitchen,2023-05-18,419,583,1949.33
Hell's Kitchen,2023-05-19,405,561,1908.83
Hell's Kitchen,2023-05-20,393,568,1883.1499999999999
Hell's Kitchen,2023-05-21,436,605,2085.08
Hell's Kitchen,2023-05-22,320,442,1510.95
Hell's Kitchen,2023-05-23,394,544,1835.93
Hell's Kitchen,2023-05-24,314,444,1533.2
Hell's Kitchen,2023-05-25,321,456,1597.4
Hell's Kitchen,2023-05-26,337,451,1507.3
Hell's Kitchen,2023-05-27,406,582,1655.25
Hell's Kitchen,2023-05-28,299,404,1264.75
Hell's Kitchen,2023-05-29,257,363,1125.15
Hell's Kitchen,2023-05-30,307,426,1432.5
Hell's Kitchen,2023-05-31,295,416,1363.75
Hell's Kitchen,2023-06-01,392,582,1829.2
Hell's Kitchen,2023-06-02,381,555,1701.6
Hell's Kitchen,2023-06-03,360,522,1612.8
Hell's Kitchen,2023-06-04,363,529,1628.9
Hell's Kitchen,2023-06-05,346,495,1531.7
Hell's Kitchen,2023-06-06,362,533,1611.4
Hell's Kitchen,2023-06-07,453,652,2045.5
Hell's Kitchen,2023-06-08,448,623,2028.1100000000001
Hell's Kitchen,2023-06-09,491,693,2189.6
Hell's Kitchen,2023-06-10,439,612,1990.7
Hell's Kitchen,2023-06-11,455,636,2002.53
Hell's Kitchen,2023-06-12,453,644,2106.6
Hell's Kitchen,2023-06-13,493,769,2534.8
Hell's Kitchen,2023-06-14,498,672,2496.61
Hell's Kitchen,2023-06-15,392,549,1788.18
Hell's Kitchen,2023-06-16,436,597,1975.95
Hell's Kitchen,2023-06-17,273,397,2320.1
Hell's Kitchen,2023-06-18,451,638,2175.93
Hell's Kitchen,2023-06-19,454,624,2124.08
Hell's Kitchen,2023-06-20,396,575,1885.65
Hell's Kitchen,2023-06-21,485,671,2303.83
Hell's Kitchen,2023-06-22,341,469,1557.1
Hell's Kitchen,2023-06-23,402,570,1984.08
Hell's Kitchen,2023-06-24,359,511,1690.8
Hell's Kitchen,2023-06-25,376,527,1769.2
Hell's Kitchen,2023-06-26,387,528,1746.1
Hell's Kitchen,2023-06-27,414,594,1676.7
Hell's Kitchen,2023-06-28,334,459,1445.85
Hell's Kitchen,2023-06-29,294,420,1298.55
Hell's Kitchen,2023-06-30,343,478,1904.93
Lower Manhattan,2023-01-01,176,255,788.35
Lower Manhattan,2023-01-02,159,217,649.05
Lower Manhattan,2023-01-03,166,241,756.0
Lower Manhattan,2023-01-04,140,208,630.2
Lower Manhattan,2023-01-05,181,258,800.9
Lower Manhattan,2023-01-06,181,256,790.6
Lower Manhattan,2023-01-07,156,219,788.25
Lower Manhattan,2023-01-08,205,302,972.55
Lower Manhattan,2023-01-09,192,262,1008.1999999999999
Lower Manhattan,2023-01-10,203,277,930.55
Lower Manhattan,2023-01-11,187,258,841.05
Lower Manhattan,2023-01-12,211,302,915.1
Lower Manhattan,2023-01-13,193,295,965.1999999999999
Lower Manhattan,2023-01-14,179,232,775.0
Lower Manhattan,2023-01-15,199,282,856.35
Lower Manhattan,2023-01-16,192,259,850.68
Lower Manhattan,2023-01-17,185,251,788.9
Lower Manhattan,2023-01-18,186,269,825.83
Lower Manhattan,2023-01-19,184,252,788.05
Lower Manhattan,2023-01-20,168,268,791.55
Lower Manhattan,2023-01-21,181,295,1015.0
Lower Manhattan,2023-01-22,186,332,1003.0799999999999
Lower Manhattan,2023-01-23,170,289,898.75
Lower Manhattan,2023-01-24,213,349,1105.8
Lower Manhattan,2023-01-25,187,334,1063.85
Lower Manhattan,2023-01-26,186,324,1067.3500000000001
Lower Manhattan,2023-01-27,206,349,1143.5
Lower Manhattan,2023-01-28,140,201,604.1999999999999
Lower Manhattan,2023-01-29,140,196,627.9
Lower Manhattan,2023-01-30,143,209,737.41
Lower Manhattan,2023-01-31,138,208,764.23
Lower Manhattan,2023-02-01,179,255,783.2
Lower Manhattan,2023-02-02,159,225,678.15
Lower Manhattan,2023-02-03,170,242,755.25
Lower Manhattan,2023-02-04,193,285,881.1
Lower Manhattan,2023-02-05,164,232,724.1
Lower Manhattan,2023-02-06,168,239,751.9
Lower Manhattan,2023-02-07,158,222,737.0
Lower Manhattan,2023-02-08,199,283,883.7
Lower Manhattan,2023-02-09,171,244,884.58
Lower Manhattan,2023-02-10,205,295,961.3
Lower Manhattan,2023-02-11,191,265,825.48
Lower Manhattan,2023-02-12,234,339,1087.6
Lower Manhattan,2023-02-13,212,329,1018.43
Lower Manhattan,2023-02-14,179,237,763.23
Lower Manhattan,2023-02-15,181,249,822.85
Lower Manhattan,2023-02-16,201,266,923.8000000000001
Lower Manhattan,2023-02-17,169,229,695.55
Lower Manhattan,2023-02-18,180,233,746.4499999999999
Lower Manhattan,2023-02-19,200,275,891.0
Lower Manhattan,2023-02-20,204,336,1056.75
Lower Manhattan,2023-02-21,165,276,954.4
Lower Manhattan,2023-02-22,187,323,1060.5
Lower Manhattan,2023-02-23,178,311,952.73
Lower Manhattan,2023-02-24,214,373,1138.7
Lower Manhattan,2023-02-25,209,367,1156.65
Lower Manhattan,2023-02-26,170,299,997.4
Lower Manhattan,2023-02-27,268,434,1469.25
Lower Manhattan,2023-02-28,155,232,719.0
Lower Manhattan,2023-03-01,218,310,978.7
Lower Manhattan,2023-03-02,202,280,886.9
Lower Manhattan,2023-03-03,217,311,957.25
Lower Manhattan,2023-03-04,201,288,904.75
Lower Manhattan,2023-03-05,215,298,944.15
Lower Manhattan,2023-03-06,213,299,950.35
Lower Manhattan,2023-03-07,154,216,746.15
Lower Manhattan,2023-03-08,239,350,1130.1
Lower Manhattan,2023-03-09,237,335,1282.44
Lower Manhattan,2023-03-10,236,340,1108.2
Lower Manhattan,2023-03-11,236,344,1075.6000000000001
Lower Manhattan,2023-03-12,257,375,1146.15
Lower Manhattan,2023-03-13,262,405,1340.65
Lower Manhattan,2023-03-14,219,281,966.28
Lower Manhattan,2023-03-15,209,285,915.3
Lower Manhattan,2023-03-16,240,328,1094.55
Lower Manhattan,2023-03-17,221,298,952.85
Lower Manhattan,2023-03-18,231,311,1037.53
Lower Manhattan,2023-03-19,190,256,766.35
Lower Manhattan,2023-03-20,209,352,1035.1
Lower Manhattan,2023-03-21,186,319,1057.25
Lower Manhattan,2023-03-22,210,370,1235.66
Lower Manhattan,2023-03-23,223,387,1158.25
Lower Manhattan,2023-03-24,259,456,1447.1
Lower Manhattan,2023-03-25,238,416,1348.9
Lower Manhattan,2023-03-26,195,360,1130.55
Lower Manhattan,2023-03-27,252,437,1489.75
Lower Manhattan,2023-03-28,207,305,945.25
Lower Manhattan,2023-03-29,194,274,840.3
Lower Manhattan,2023-03-30,210,319,966.79
Lower Manhattan,2023-03-31,202,304,1049.53
Lower Manhattan,2023-04-01,267,375,1168.05
Lower Manhattan,2023-04-02,233,327,1002.2
Lower Manhattan,2023-04-03,259,366,1127.55
Lower Manhattan,2023-04-04,241,360,1092.0
Lower Manhattan,2023-04-05,274,380,1202.25
Lower Manhattan,2023-04-06,245,346,1080.25
Lower Manhattan,2023-04-07,202,280,1014.75
Lower Manhattan,2023-04-08,302,440,1513.3500000000001
Lower Manhattan,2023-04-09,264,377,1465.3
Lower Manhattan,2023-04-10,314,445,1453.8
Lower Manhattan,2023-04-11,282,406,1195.83
Lower Manhattan,2023-04-12,327,476,1512.55
Lower Manhattan,2023-04-13,257,394,1247.43
Lower Manhattan,2023-04-14,240,309,1116.96
Lower Manhattan,2023-04-15,285,403,1270.05
Lower Manhattan,2023-04-16,327,426,1462.8799999999999
Lower Manhattan,2023-04-17,275,369,1150.05
Lower Manhattan,2023-04-18,259,352,1164.68
Lower Manhattan,2023-04-19,263,364,1130.2
Lower Manhattan,2023-04-20,279,461,1443.43
Lower Manhattan,2023-04-21,256,435,1381.65
Lower Manhattan,2023-04-22,294,509,1634.18
Lower Manhattan,2023-04-23,275,482,1522.76
Lower Manhattan,2023-04-24,298,504,1558.9
Lower Manhattan,2023-04-25,296,529,1664.35
Lower Manhattan,2023-04-26,290,518,1684.45
Lower Manhattan,2023-04-27,318,554,1686.1000000000001
Lower Manhattan,2023-04-28,251,369,1111.15
Lower Manhattan,2023-04-29,223,309,936.9
Lower Manhattan,2023-04-30,254,384,1165.33
Lower Manhattan,2023-05-01,327,470,1475.4
Lower Manhattan,2023-05-02,289,414,1276.5
Lower Manhattan,2023-05-03,317,453,1401.65
Lower Manhattan,2023-05-04,321,469,1431.3
Lower Manhattan,2023-05-05,353,490,1528.65
Lower Manhattan,2023-05-06,337,472,1479.0
Lower Manhattan,2023-05-07,251,357,1168.55
Lower Manhattan,2023-05-08,399,588,1869.15
Lower Manhattan,2023-05-09,351,480,1822.66
Lower Manhattan,2023-05-10,361,507,1596.8
Lower Manhattan,2023-05-11,350,507,1549.75
Lower Manhattan,2023-05-12,375,548,1609.65
Lower Manhattan,2023-05-13,388,594,1899.08
Lower Manhattan,2023-05-14,354,461,1590.94
Lower Manhattan,2023-05-15,367,500,1611.45
Lower Manhattan,2023-05-16,370,493,1684.2
Lower Manhattan,2023-05-17,369,510,1684.15
Lower Manhattan,2023-05-18,376,510,1668.2
Lower Manhattan,2023-05-19,361,497,1564.35
Lower Manhattan,2023-05-20,357,602,1837.4
Lower Manhattan,2023-05-21,322,544,1716.95
Lower Manhattan,2023-05-22,407,705,2257.06
Lower Manhattan,2023-05-23,322,572,1753.88
Lower Manhattan,2023-05-24,368,633,1968.6
Lower Manhattan,2023-05-25,353,629,2005.3
Lower Manhattan,2023-05-26,343,619,1967.0
Lower Manhattan,2023-05-27,403,693,2242.85
Lower Manhattan,2023-05-28,328,467,1461.05
Lower Manhattan,2023-05-29,286,391,1197.25
Lower Manhattan,2023-05-30,333,500,1732.03
Lower Manhattan,2023-05-31,320,500,1649.27
Lower Manhattan,2023-06-01,350,511,1602.95
Lower Manhattan,2023-06-02,330,465,1439.45
Lower Manhattan,2023-06-03,361,516,1600.35
Lower Manhattan,2023-06-04,351,518,1595.35
Lower Manhattan,2023-06-05,348,487,1537.0
Lower Manhattan,2023-06-06,366,515,1590.4
Lower Manhattan,2023-06-07,275,390,1282.05
Lower Manhattan,2023-06-08,407,591,1954.8
Lower Manhattan,2023-06-09,392,556,2159.08
Lower Manhattan,2023-06-10,396,558,1886.6
Lower Manhattan,2023-06-11,385,543,1712.43
Lower Manhattan,2023-06-12,436,636,1977.5
Lower Manhattan,2023-06-13,447,689,2215.11
Lower Manhattan,2023-06-14,393,511,1751.36
Lower Manhattan,2023-06-15,377,518,1644.85
Lower Manhattan,2023-06-16,412,548,1805.68
Lower Manhattan,2023-06-17,391,537,1724.85
Lower Manhattan,2023-06-18,402,537,1805.28
Lower Manhattan,2023-06-19,400,546,1733.4
Lower Manhattan,2023-06-20,372,629,1929.63
Lower Manhattan,2023-06-21,351,586,1890.3
Lower Manhattan,2023-06-22,399,688,2145.95
Lower Manhattan,2023-06-23,356,631,1933.38
Lower Manhattan,2023-06-24,383,657,2097.75
Lower Manhattan,2023-06-25,402,707,2244.95
Lower Manhattan,2023-06-26,376,674,2154.7
Lower Manhattan,2023-06-27,442,770,2437.4
Lower Manhattan,2023-06-28,343,492,1524.95
Lower Manhattan,2023-06-29,305,424,1299.45
Lower Manhattan,2023-06-30,348,535,1768.74
