store_location,datetime,transactions,quantity,revenue,lag_1,lag_7,roll_3,roll_7,dayofweek,is_weekend,day_index,store_Astoria,store_Hell's Kitchen,store_Lower Manhattan
Astoria,2023-01-08,161,227,793.15,807.3,868.4,808.7999999999998,847.3285714285714,6,1,7,1,0,0
Astoria,2023-01-09,165,208,774.01,793.15,925.5,772.1666666666666,836.5785714285714,0,0,8,1,0,0
Astoria,2023-01-10,210,305,947.0,774.01,902.75,791.4866666666667,814.9371428571429,1,0,9,1,0,0
Astoria,2023-01-11,162,229,740.15,947.0,808.25,838.0533333333333,821.2585714285715,2,0,10,1,0,0
Astoria,2023-01-12,144,206,660.7,740.15,903.05,820.3866666666667,811.53,3,0,11,1,0,0
Astoria,2023-01-13,175,246,705.8,660.7,716.05,782.6166666666667,776.9085714285713,4,0,12,1,0,0
Astoria,2023-01-14,157,213,763.7,705.8,807.3,702.2166666666667,775.4442857142857,5,1,13,1,0,0
Astoria,2023-01-15,262,365,1348.93,763.7,793.15,710.0666666666666,769.2157142857142,6,1,14,1,0,0
Astoria,2023-01-16,229,319,1027.33,1348.93,774.01,939.4766666666668,848.6128571428571,0,0,15,1,0,0
Astoria,2023-01-17,209,297,1075.4,1027.33,947.0,1046.6533333333334,884.8014285714286,1,0,16,1,0,0
Astoria,2023-01-18,214,295,1064.03,1075.4,740.15,1150.5533333333335,903.1442857142857,2,0,17,1,0,0
Astoria,2023-01-19,220,313,1079.38,1064.03,660.7,1055.5866666666668,949.4128571428572,3,0,18,1,0,0
Astoria,2023-01-20,212,215,871.4300000000001,1079.38,705.8,1072.9366666666667,1009.2242857142858,4,0,19,1,0,0
Astoria,2023-01-21,183,265,992.35,871.4300000000001,763.7,1004.9466666666667,1032.8857142857144,5,1,20,1,0,0
Astoria,2023-01-22,166,240,742.8,992.35,1348.93,981.0533333333334,1065.55,6,1,21,1,0,0
Astoria,2023-01-23,202,292,928.3,742.8,1027.33,868.86,978.96,0,0,22,1,0,0
Astoria,2023-01-24,202,292,922.05,928.3,1075.4,887.8166666666666,964.8128571428572,1,0,23,1,0,0
Astoria,2023-01-25,216,314,942.0,922.05,1064.03,864.3833333333333,942.9057142857143,2,0,24,1,0,0
Astoria,2023-01-26,215,308,939.25,942.0,1079.38,930.7833333333333,925.472857142857,3,0,25,1,0,0
Astoria,2023-01-27,192,273,838.55,939.25,871.4300000000001,934.4333333333334,905.4542857142857,4,0,26,1,0,0
Astoria,2023-01-28,168,244,733.25,838.55,992.35,906.5999999999999,900.7571428571429,5,1,27,1,0,0
Astoria,2023-01-29,184,261,820.7,733.25,742.8,837.0166666666665,863.7428571428571,6,1,28,1,0,0
Astoria,2023-01-30,172,242,870.6,820.7,928.3,797.5,874.8714285714285,0,0,29,1,0,0
Astoria,2023-01-31,165,219,801.5,870.6,922.05,808.1833333333334,866.6285714285714,1,0,30,1,0,0
Astoria,2023-02-01,188,272,833.7,801.5,942.0,830.9333333333334,849.407142857143,2,0,31,1,0,0
Astoria,2023-02-02,210,302,944.8,833.7,939.25,835.2666666666668,833.9357142857143,3,0,32,1,0,0
Astoria,2023-02-03,214,301,940.2,944.8,838.55,860.0,834.7285714285715,4,0,33,1,0,0
Astoria,2023-02-04,191,271,825.95,940.2,733.25,906.2333333333332,849.25,5,1,34,1,0,0
Astoria,2023-02-05,208,283,871.25,825.95,820.7,903.65,862.4928571428572,6,1,35,1,0,0
Astoria,2023-02-06,139,209,655.35,871.25,870.6,879.1333333333333,869.7142857142857,0,0,36,1,0,0
Astoria,2023-02-07,185,255,804.3,655.35,801.5,784.1833333333334,838.9642857142857,1,0,37,1,0,0
Astoria,2023-02-08,191,263,928.8,804.3,833.7,776.9666666666667,839.3642857142858,2,0,38,1,0,0
Astoria,2023-02-09,182,225,866.8000000000001,928.8,944.8,796.15,852.95,3,0,39,1,0,0
Astoria,2023-02-10,199,297,868.0,866.8000000000001,940.2,866.6333333333333,841.8071428571428,4,0,40,1,0,0
Astoria,2023-02-11,155,212,670.05,868.0,825.95,887.8666666666667,831.4928571428572,5,1,41,1,0,0
Astoria,2023-02-12,142,207,680.6,670.05,871.25,801.6166666666668,809.2214285714284,6,1,42,1,0,0
Astoria,2023-02-13,149,212,641.9,680.6,655.35,739.5500000000001,781.9857142857143,0,0,43,1,0,0
Astoria,2023-02-14,151,210,747.05,641.9,804.3,664.1833333333333,780.0642857142857,1,0,44,1,0,0
Astoria,2023-02-15,262,375,1254.95,747.05,928.8,689.85,771.8857142857142,2,0,45,1,0,0
Astoria,2023-02-16,243,341,1191.3,1254.95,866.8000000000001,881.3000000000001,818.4785714285714,3,0,46,1,0,0
Astoria,2023-02-17,214,298,967.6,1191.3,868.0,1064.4333333333334,864.8357142857142,4,0,47,1,0,0
Astoria,2023-02-18,202,297,1069.53,967.6,670.05,1137.95,879.0642857142858,5,1,48,1,0,0
Astoria,2023-02-19,250,342,1164.4,1069.53,680.6,1076.1433333333332,936.1328571428572,6,1,49,1,0,0
Astoria,2023-02-20,205,209,760.23,1164.4,641.9,1067.1766666666665,1005.2471428571428,0,0,50,1,0,0
Astoria,2023-02-21,168,238,870.48,760.23,747.05,998.0533333333333,1022.1514285714286,1,0,51,1,0,0
Astoria,2023-02-22,214,334,1037.5,870.48,1254.95,931.7033333333333,1039.7842857142857,2,0,52,1,0,0
Astoria,2023-02-23,200,283,904.5,1037.5,1191.3,889.4033333333333,1008.7200000000001,3,0,53,1,0,0
Astoria,2023-02-24,213,303,986.9,904.5,967.6,937.4933333333332,967.7485714285714,4,0,54,1,0,0
Astoria,2023-02-25,185,266,813.55,986.9,1069.53,976.2999999999998,970.5057142857142,5,1,55,1,0,0
Astoria,2023-02-26,233,337,1030.9,813.55,1164.4,901.65,933.9371428571429,6,1,56,1,0,0
Astoria,2023-02-27,208,301,931.85,1030.9,760.23,943.7833333333333,914.8657142857143,0,0,57,1,0,0
Astoria,2023-02-28,189,275,842.9,931.85,870.48,925.4333333333333,939.3828571428572,1,0,58,1,0,0
Astoria,2023-03-01,229,328,1021.1,842.9,1037.5,935.2166666666667,935.4428571428572,2,0,59,1,0,0
Astoria,2023-03-02,243,352,1088.4,1021.1,904.5,931.9499999999999,933.1000000000001,3,0,60,1,0,0
Astoria,2023-03-03,264,371,1160.35,1088.4,986.9,984.1333333333333,959.3714285714286,4,0,61,1,0,0
Astoria,2023-03-04,228,328,1008.75,1160.35,813.55,1089.95,984.1499999999999,5,1,62,1,0,0
Astoria,2023-03-05,253,355,1097.15,1008.75,1030.9,1085.8333333333333,1012.0357142857143,6,1,63,1,0,0
Astoria,2023-03-06,169,231,732.75,1097.15,931.85,1088.75,1021.5,0,0,64,1,0,0
Astoria,2023-03-07,212,293,921.3,732.75,842.9,946.2166666666667,993.0571428571428,1,0,65,1,0,0
Astoria,2023-03-08,241,332,1209.08,921.3,1021.1,917.0666666666666,1004.2571428571429,2,0,66,1,0,0
Astoria,2023-03-09,199,249,908.83,1209.08,1088.4,954.3766666666667,1031.1114285714286,3,0,67,1,0,0
Astoria,2023-03-10,230,327,1081.2,908.83,1160.35,1013.07,1005.4585714285714,4,0,68,1,0,0
Astoria,2023-03-11,201,295,995.25,1081.2,1008.75,1066.37,994.1514285714286,5,1,69,1,0,0
Astoria,2023-03-12,144,202,664.13,995.25,1097.15,995.0933333333332,992.222857142857,6,1,70,1,0,0
Astoria,2023-03-13,199,282,846.1,664.13,732.75,913.5266666666666,930.3628571428571,0,0,71,1,0,0
Astoria,2023-03-14,183,257,966.55,846.1,921.3,835.1599999999999,946.5557142857142,1,0,72,1,0,0
Astoria,2023-03-15,283,398,1417.45,966.55,1209.08,825.5933333333332,953.0199999999999,2,0,73,1,0,0
Astoria,2023-03-16,258,359,1149.13,1417.45,908.83,1076.6999999999998,982.7871428571428,3,0,74,1,0,0
Astoria,2023-03-17,296,408,1440.45,1149.13,1081.2,1177.71,1017.1157142857143,4,0,75,1,0,0
Astoria,2023-03-18,260,353,1207.58,1440.45,995.25,1335.6766666666665,1068.4371428571428,5,1,76,1,0,0
Astoria,2023-03-19,279,392,1488.5,1207.58,664.13,1265.72,1098.77,6,1,77,1,0,0
Astoria,2023-03-20,280,285,1113.08,1488.5,846.1,1378.8433333333332,1216.537142857143,0,0,78,1,0,0
Astoria,2023-03-21,171,236,835.85,1113.08,966.55,1269.72,1254.6771428571428,1,0,79,1,0,0
Astoria,2023-03-22,252,367,1124.55,835.85,1417.45,1145.81,1236.0057142857145,2,0,80,1,0,0
Astoria,2023-03-23,234,328,1060.55,1124.55,1149.13,1024.493333333333,1194.162857142857,3,0,81,1,0,0
Astoria,2023-03-24,246,355,1123.2,1060.55,1440.45,1006.9833333333332,1181.5085714285713,4,0,82,1,0,0
Astoria,2023-03-25,237,337,1025.75,1123.2,1207.58,1102.7666666666667,1136.1871428571428,5,1,83,1,0,0
Astoria,2023-03-26,268,391,1208.65,1025.75,1488.5,1069.8333333333333,1110.2114285714285,6,1,84,1,0,0
Astoria,2023-03-27,249,360,1124.0,1208.65,1113.08,1119.1999999999998,1070.232857142857,0,0,85,1,0,0
Astoria,2023-03-28,213,312,954.75,1124.0,835.85,1119.4666666666665,1071.792857142857,1,0,86,1,0,0
Astoria,2023-03-29,231,317,978.8,954.75,1124.55,1095.8,1088.7785714285715,2,0,87,1,0,0
Astoria,2023-03-30,218,307,967.05,978.8,1060.55,1019.1833333333333,1067.9571428571428,3,0,88,1,0,0
Astoria,2023-03-31,210,292,915.15,967.05,1123.2,966.8666666666664,1054.6,4,0,89,1,0,0
Astoria,2023-04-01,302,433,1316.5,915.15,1025.75,953.6666666666665,1024.8785714285714,5,1,90,1,0,0
Astoria,2023-04-02,294,430,1351.35,1316.5,1208.65,1066.2333333333333,1066.4142857142856,6,1,91,1,0,0
Astoria,2023-04-03,298,429,1333.3999999999999,1351.35,1124.0,1194.333333333333,1086.8,0,0,92,1,0,0
Astoria,2023-04-04,262,371,1150.75,1333.3999999999999,954.75,1333.7499999999998,1116.7142857142858,1,0,93,1,0,0
Astoria,2023-04-05,290,400,1242.15,1150.75,978.8,1278.4999999999998,1144.7142857142858,2,0,94,1,0,0
Astoria,2023-04-06,227,318,1002.95,1242.15,967.05,1242.1,1182.3357142857144,3,0,95,1,0,0
Astoria,2023-04-07,262,363,1138.6,1002.95,915.15,1131.9499999999998,1187.4642857142858,4,0,96,1,0,0
Astoria,2023-04-08,316,444,1631.93,1138.6,1316.5,1127.8999999999999,1219.3857142857144,5,1,97,1,0,0
Astoria,2023-04-09,254,320,1192.18,1631.93,1351.35,1257.8266666666666,1264.447142857143,6,1,98,1,0,0
Astoria,2023-04-10,288,416,1355.45,1192.18,1333.3999999999999,1320.9033333333334,1241.7085714285713,0,0,99,1,0,0
Astoria,2023-04-11,278,411,1295.0,1355.45,1150.75,1393.1866666666665,1244.8585714285714,1,0,100,1,0,0
Astoria,2023-04-12,203,287,958.63,1295.0,1242.15,1280.8766666666666,1265.4657142857143,2,0,101,1,0,0
Astoria,2023-04-13,259,353,1069.7,958.63,1002.95,1203.0266666666666,1224.962857142857,3,0,102,1,0,0
Astoria,2023-04-14,223,322,1195.83,1069.7,1138.6,1107.7766666666666,1234.4985714285715,4,0,103,1,0,0
Astoria,2023-04-15,326,470,1622.66,1195.83,1631.93,1074.72,1242.6742857142856,5,1,104,1,0,0
Astoria,2023-04-16,327,451,1482.08,1622.66,1192.18,1296.0633333333333,1241.3500000000001,6,1,105,1,0,0
Astoria,2023-04-17,315,457,1543.6,1482.08,1355.45,1433.5233333333333,1282.7642857142857,0,0,106,1,0,0
Astoria,2023-04-18,322,453,1608.79,1543.6,1295.0,1549.4466666666667,1309.642857142857,1,0,107,1,0,0
Astoria,2023-04-19,349,488,1738.93,1608.79,958.63,1544.823333333333,1354.47,2,0,108,1,0,0
Astoria,2023-04-20,289,294,1163.95,1738.93,1069.7,1630.4399999999998,1465.9414285714286,3,0,109,1,0,0
Astoria,2023-04-21,213,305,1101.88,1163.95,1195.83,1503.89,1479.4057142857143,4,0,110,1,0,0
Astoria,2023-04-22,278,414,1291.95,1101.88,1622.66,1334.9199999999998,1465.984285714286,5,1,111,1,0,0
Astoria,2023-04-23,296,428,1384.05,1291.95,1482.08,1185.9266666666665,1418.74,6,1,112,1,0,0
Astoria,2023-04-24,347,490,1539.8,1384.05,1543.6,1259.2933333333333,1404.7357142857145,0,0,113,1,0,0
Astoria,2023-04-25,301,430,1306.1,1539.8,1608.79,1405.2666666666667,1404.1928571428573,1,0,114,1,0,0
Astoria,2023-04-26,321,461,1447.5,1306.1,1738.93,1409.9833333333333,1360.9514285714286,2,0,115,1,0,0
Astoria,2023-04-27,317,461,1439.55,1447.5,1163.95,1431.1333333333332,1319.3185714285714,3,0,116,1,0,0
Astoria,2023-04-28,270,386,1172.7,1439.55,1101.88,1397.7166666666665,1358.69,4,0,117,1,0,0
Astoria,2023-04-29,252,355,1124.05,1172.7,1291.95,1353.25,1368.8071428571427,5,1,118,1,0,0
Astoria,2023-04-30,277,386,1275.6,1124.05,1384.05,1245.4333333333332,1344.8214285714287,6,1,119,1,0,0
Astoria,2023-05-01,376,533,1657.65,1275.6,1539.8,1190.7833333333333,1329.3285714285714,0,0,120,1,0,0
Astoria,2023-05-02,393,564,1758.45,1657.65,1306.1,1352.4333333333332,1346.1642857142856,1,0,121,1,0,0
Astoria,2023-05-03,402,567,1760.45,1758.45,1447.5,1563.8999999999999,1410.7857142857142,2,0,122,1,0,0
Astoria,2023-05-04,385,547,1709.85,1760.45,1439.55,1725.5166666666664,1455.492857142857,3,0,123,1,0,0
Astoria,2023-05-05,387,554,1726.65,1709.85,1172.7,1742.9166666666667,1494.107142857143,4,0,124,1,0,0
Astoria,2023-05-06,291,414,1293.05,1726.65,1124.05,1732.3166666666666,1573.242857142857,5,1,125,1,0,0
Astoria,2023-05-07,324,452,1416.6,1293.05,1275.6,1576.5166666666667,1597.3857142857144,6,1,126,1,0,0
Astoria,2023-05-08,391,546,1967.68,1416.6,1657.65,1478.7666666666664,1617.5285714285715,0,0,127,1,0,0
Astoria,2023-05-09,313,387,1362.11,1967.68,1758.45,1559.11,1661.8185714285714,1,0,128,1,0,0
Astoria,2023-05-10,380,550,1716.9,1362.11,1760.45,1582.1299999999999,1605.1985714285713,2,0,129,1,0,0
Astoria,2023-05-11,313,443,1395.0,1716.9,1709.85,1682.2299999999998,1598.9771428571428,3,0,130,1,0,0
Astoria,2023-05-12,254,362,1175.08,1395.0,1726.65,1491.3366666666664,1553.9985714285715,4,0,131,1,0,0
Astoria,2023-05-13,315,439,1299.85,1175.08,1293.05,1428.993333333333,1475.202857142857,5,1,132,1,0,0
Astoria,2023-05-14,293,417,1482.0,1299.85,1416.6,1289.9766666666665,1476.1742857142856,6,1,133,1,0,0
Astoria,2023-05-15,447,630,2180.88,1482.0,1967.68,1318.9766666666665,1485.5171428571427,0,0,134,1,0,0
Astoria,2023-05-16,450,623,2042.15,2180.88,1362.11,1654.243333333333,1515.9742857142858,1,0,135,1,0,0
Astoria,2023-05-17,398,566,1942.5,2042.15,1716.9,1901.6766666666665,1613.1228571428571,2,0,136,1,0,0
Astoria,2023-05-18,397,566,1965.94,1942.5,1395.0,2055.1766666666667,1645.3514285714286,3,0,137,1,0,0
Astoria,2023-05-19,448,644,2184.7,1965.94,1175.08,1983.53,1726.9142857142858,4,0,138,1,0,0
Astoria,2023-05-20,416,423,1798.73,2184.7,1299.85,2031.0466666666664,1871.1457142857143,5,1,139,1,0,0
Astoria,2023-05-21,295,418,1568.78,1798.73,1482.0,1983.123333333333,1942.4142857142856,6,1,140,1,0,0
Astoria,2023-05-22,390,582,1773.15,1568.78,2180.88,1850.7366666666665,1954.8114285714287,0,0,141,1,0,0
Astoria,2023-05-23,359,525,1653.1,1773.15,2042.15,1713.5533333333333,1896.5642857142855,1,0,142,1,0,0
Astoria,2023-05-24,422,605,1889.65,1653.1,1942.5,1665.01,1840.9857142857143,2,0,143,1,0,0
Astoria,2023-05-25,369,528,1628.15,1889.65,1965.94,1771.9666666666665,1833.435714285714,3,0,144,1,0,0
Astoria,2023-05-26,409,591,1826.65,1628.15,2184.7,1723.6333333333332,1785.18,4,0,145,1,0,0
Astoria,2023-05-27,374,540,1661.05,1826.65,1798.73,1781.4833333333333,1734.0300000000002,5,1,146,1,0,0
Astoria,2023-05-28,372,531,1612.85,1661.05,1568.78,1705.283333333333,1714.3614285714286,6,1,147,1,0,0
Astoria,2023-05-29,363,516,1637.1,1612.85,1773.15,1700.1833333333332,1720.6571428571428,0,0,148,1,0,0
Astoria,2023-05-30,382,539,1670.95,1637.1,1653.1,1636.9999999999998,1701.2214285714285,1,0,149,1,0,0
Astoria,2023-05-31,367,512,1671.11,1670.95,1889.65,1640.3,1703.7714285714285,2,0,150,1,0,0
Astoria,2023-06-01,408,583,1794.85,1671.11,1628.15,1659.72,1672.5514285714287,3,0,151,1,0,0
Astoria,2023-06-02,432,622,1915.45,1794.85,1826.65,1712.3033333333333,1696.3657142857144,4,0,152,1,0,0
Astoria,2023-06-03,439,616,1953.5,1915.45,1661.05,1793.8033333333333,1709.0514285714285,5,1,153,1,0,0
Astoria,2023-06-04,400,572,1760.9,1953.5,1612.85,1887.9333333333332,1750.83,6,1,154,1,0,0
Astoria,2023-06-05,416,595,1842.45,1760.9,1637.1,1876.6166666666666,1771.9799999999998,0,0,155,1,0,0
Astoria,2023-06-06,313,446,1397.1,1842.45,1670.95,1852.2833333333335,1801.3157142857142,1,0,156,1,0,0
Astoria,2023-06-07,355,494,1555.55,1397.1,1671.11,1666.8166666666666,1762.1942857142858,2,0,157,1,0,0
Astoria,2023-06-08,414,574,2168.68,1555.55,1794.85,1598.3666666666666,1745.685714285714,3,0,158,1,0,0
Astoria,2023-06-09,341,433,1518.48,2168.68,1915.45,1707.1099999999997,1799.0900000000001,4,0,159,1,0,0
Astoria,2023-06-10,375,538,1749.4499999999998,1518.48,1953.5,1747.5699999999997,1742.3799999999999,5,1,160,1,0,0
Astoria,2023-06-11,368,524,1703.65,1749.4499999999998,1760.9,1812.203333333333,1713.23,6,1,161,1,0,0
Astoria,2023-06-12,273,394,1244.6,1703.65,1842.45,1657.1933333333334,1705.0514285714287,0,0,162,1,0,0
Astoria,2023-06-13,341,480,1439.45,1244.6,1397.1,1565.8999999999996,1619.6442857142858,1,0,163,1,0,0
Astoria,2023-06-14,303,425,1588.55,1439.45,1555.55,1462.5666666666666,1625.6942857142856,2,0,164,1,0,0
Astoria,2023-06-15,468,661,2373.21,1588.55,2168.68,1424.1999999999998,1630.4085714285716,3,0,165,1,0,0
Astoria,2023-06-16,483,679,2229.8,2373.21,1518.48,1800.403333333333,1659.6271428571429,4,0,166,1,0,0
Astoria,2023-06-17,435,618,2072.65,2229.8,1749.4499999999998,2063.853333333333,1761.2442857142858,5,1,167,1,0,0
Astoria,2023-06-18,437,605,2044.8799999999999,2072.65,1703.65,2225.22,1807.4157142857143,6,1,168,1,0,0
Astoria,2023-06-19,489,688,2546.4300000000003,2044.8799999999999,1244.6,2115.7766666666666,1856.162857142857,0,0,169,1,0,0
Astoria,2023-06-20,434,440,1679.38,2546.4300000000003,1439.45,2221.32,2042.1385714285716,1,0,170,1,0,0
Astoria,2023-06-21,317,438,1614.25,1679.38,1588.55,2090.23,2076.414285714286,2,0,171,1,0,0
Astoria,2023-06-22,407,613,1912.05,1614.25,2373.21,1946.6866666666667,2080.0857142857144,3,0,172,1,0,0
Astoria,2023-06-23,409,594,1864.4,1912.05,2229.8,1735.2266666666667,2014.2057142857143,4,0,173,1,0,0
Astoria,2023-06-24,472,678,2117.55,1864.4,2072.65,1796.8999999999999,1962.0057142857145,5,1,174,1,0,0
Astoria,2023-06-25,396,568,1740.7,2117.55,2044.8799999999999,1964.6666666666667,1968.42,6,1,175,1,0,0
Astoria,2023-06-26,432,635,1975.1,1740.7,2546.4300000000003,1907.55,1924.9657142857145,0,0,176,1,0,0
Astoria,2023-06-27,421,598,1861.55,1975.1,1679.38,1944.45,1843.347142857143,1,0,177,1,0,0
Astoria,2023-06-28,393,580,1758.1,1861.55,1614.25,1859.1166666666668,1869.3714285714286,2,0,178,1,0,0
Astoria,2023-06-29,410,585,1852.75,1758.1,1912.05,1864.9166666666667,1889.9214285714286,3,0,179,1,0,0
Astoria,2023-06-30,404,577,1807.65,1852.75,1864.4,1824.1333333333332,1881.4500000000003,4,0,180,1,0,0
Hell's Kitchen,2023-01-08,196,277,872.83,1024.1,851.45,835.4,839.1928571428572,6,1,7,0,1,0
Hell's Kitchen,2023-01-09,194,272,894.4,872.83,828.8,888.0433333333334,842.2471428571429,0,0,8,0,1,0
Hell's Kitchen,2023-01-10,189,273,808.1,894.4,906.25,930.4433333333333,851.6185714285714,1,0,9,0,1,0
Hell's Kitchen,2023-01-11,212,295,974.55,808.1,781.65,858.4433333333333,837.5971428571429,2,0,10,0,1,0
Hell's Kitchen,2023-01-12,179,251,751.9,974.55,714.9,892.35,865.1542857142857,3,0,11,0,1,0
Hell's Kitchen,2023-01-13,257,409,1362.6000000000001,751.9,767.2,844.85,870.4399999999999,4,0,12,0,1,0
Hell's Kitchen,2023-01-14,241,326,1143.81,1362.6000000000001,1024.1,1029.6833333333334,955.4971428571428,5,1,13,0,1,0
Hell's Kitchen,2023-01-15,202,280,962.43,1143.81,872.83,1086.1033333333332,972.5985714285714,6,1,14,0,1,0
Hell's Kitchen,2023-01-16,206,277,951.1500000000001,962.43,894.4,1156.28,985.3985714285715,0,0,15,0,1,0
Hell's Kitchen,2023-01-17,138,214,1421.5,951.1500000000001,808.1,1019.13,993.5057142857142,1,0,16,0,1,0
Hell's Kitchen,2023-01-18,188,263,846.1,1421.5,974.55,1111.6933333333334,1081.1342857142856,2,0,17,0,1,0
Hell's Kitchen,2023-01-19,212,293,1046.25,846.1,751.9,1072.9166666666667,1062.7842857142857,3,0,18,0,1,0
Hell's Kitchen,2023-01-20,198,284,940.75,1046.25,1362.6000000000001,1104.6166666666666,1104.8342857142857,4,0,19,0,1,0
Hell's Kitchen,2023-01-21,233,318,1075.5,940.75,1143.81,944.3666666666667,1044.57,5,1,20,0,1,0
Hell's Kitchen,2023-01-22,139,196,621.4499999999999,1075.5,962.43,1020.8333333333334,1034.8114285714287,6,1,21,0,1,0
Hell's Kitchen,2023-01-23,217,304,1026.1,621.4499999999999,951.1500000000001,879.2333333333332,986.1,0,0,22,0,1,0
Hell's Kitchen,2023-01-24,173,242,841.1,1026.1,1421.5,907.6833333333333,996.8071428571428,1,0,23,0,1,0
Hell's Kitchen,2023-01-25,180,258,840.7,841.1,846.1,829.5499999999998,913.8928571428571,2,0,24,0,1,0
Hell's Kitchen,2023-01-26,185,255,856.4300000000001,840.7,1046.25,902.6333333333333,913.1214285714285,3,0,25,0,1,0
Hell's Kitchen,2023-01-27,181,264,760.05,856.4300000000001,940.75,846.0766666666667,886.0042857142859,4,0,26,0,1,0
Hell's Kitchen,2023-01-28,162,227,699.65,760.05,1075.5,819.0600000000001,860.1899999999999,5,1,27,0,1,0
Hell's Kitchen,2023-01-29,135,195,612.15,699.65,621.4499999999999,772.0433333333334,806.4971428571429,6,1,28,0,1,0
Hell's Kitchen,2023-01-30,166,242,868.4,612.15,1026.1,690.6166666666667,805.1685714285713,0,0,29,0,1,0
Hell's Kitchen,2023-01-31,159,218,768.4,868.4,841.1,726.7333333333332,782.64,1,0,30,0,1,0
Hell's Kitchen,2023-02-01,179,269,849.4,768.4,840.7,749.65,772.2542857142856,2,0,31,0,1,0
Hell's Kitchen,2023-02-02,200,287,883.95,849.4,856.4300000000001,828.7333333333332,773.4971428571428,3,0,32,0,1,0
Hell's Kitchen,2023-02-03,202,291,896.0,883.95,760.05,833.9166666666666,777.4285714285714,4,0,33,0,1,0
Hell's Kitchen,2023-02-04,200,278,844.65,896.0,699.65,876.4499999999999,796.8500000000001,5,1,34,0,1,0
Hell's Kitchen,2023-02-05,161,233,709.35,844.65,612.15,874.8666666666667,817.5642857142857,6,1,35,0,1,0
Hell's Kitchen,2023-02-06,182,264,796.15,709.35,868.4,816.6666666666666,831.4499999999999,0,0,36,0,1,0
Hell's Kitchen,2023-02-07,203,292,893.25,796.15,768.4,783.3833333333333,821.1285714285715,1,0,37,0,1,0
Hell's Kitchen,2023-02-08,209,298,949.93,893.25,849.4,799.5833333333334,838.9642857142857,2,0,38,0,1,0
Hell's Kitchen,2023-02-09,209,292,859.25,949.93,883.95,879.7766666666666,853.3257142857144,3,0,39,0,1,0
Hell's Kitchen,2023-02-10,231,326,1072.3,859.25,896.0,900.81,849.7971428571428,4,0,40,0,1,0
Hell's Kitchen,2023-02-11,221,307,1031.21,1072.3,844.65,960.4933333333332,874.982857142857,5,1,41,0,1,0
Hell's Kitchen,2023-02-12,231,326,1125.8,1031.21,709.35,987.5866666666667,901.6342857142856,6,1,42,0,1,0
Hell's Kitchen,2023-02-13,232,363,1185.15,1125.8,796.15,1076.4366666666667,961.1271428571429,0,0,43,0,1,0
Hell's Kitchen,2023-02-14,257,349,1163.65,1185.15,893.25,1114.0533333333335,1016.6985714285713,1,0,44,0,1,0
Hell's Kitchen,2023-02-15,181,254,850.25,1163.65,949.93,1158.2,1055.327142857143,2,0,45,0,1,0
Hell's Kitchen,2023-02-16,195,265,908.23,850.25,859.25,1066.3500000000001,1041.087142857143,3,0,46,0,1,0
Hell's Kitchen,2023-02-17,151,209,637.6,908.23,1072.3,974.0433333333334,1048.0842857142857,4,0,47,0,1,0
Hell's Kitchen,2023-02-18,212,297,1049.5,637.6,1031.21,798.6933333333333,985.9842857142858,5,1,48,0,1,0
Hell's Kitchen,2023-02-19,242,331,1164.2,1049.5,1125.8,865.11,988.5971428571429,6,1,49,0,1,0
Hell's Kitchen,2023-02-20,219,316,1066.65,1164.2,1185.15,950.4333333333334,994.0828571428572,0,0,50,0,1,0
Hell's Kitchen,2023-02-21,222,307,958.6500000000001,1066.65,1163.65,1093.45,977.1542857142858,1,0,51,0,1,0
Hell's Kitchen,2023-02-22,180,254,830.7,958.6500000000001,850.25,1063.1666666666667,947.8685714285714,2,0,52,0,1,0
Hell's Kitchen,2023-02-23,177,240,888.98,830.7,908.23,952.0,945.0757142857144,3,0,53,0,1,0
Hell's Kitchen,2023-02-24,176,256,815.1,888.98,637.6,892.7766666666666,942.3257142857144,4,0,54,0,1,0
Hell's Kitchen,2023-02-25,182,255,853.35,815.1,1049.5,844.9266666666667,967.6828571428572,5,1,55,0,1,0
Hell's Kitchen,2023-02-26,198,269,928.45,853.35,1164.2,852.4766666666668,939.6614285714286,6,1,56,0,1,0
Hell's Kitchen,2023-02-27,187,272,758.9,928.45,1066.65,865.6333333333333,905.9828571428573,0,0,57,0,1,0
Hell's Kitchen,2023-02-28,167,237,749.2,758.9,958.6500000000001,846.9000000000001,862.0185714285715,1,0,58,0,1,0
Hell's Kitchen,2023-03-01,214,330,1040.45,749.2,830.7,812.1833333333334,832.0971428571429,2,0,59,0,1,0
Hell's Kitchen,2023-03-02,228,331,1020.75,1040.45,888.98,849.5166666666668,862.0614285714286,3,0,60,0,1,0
Hell's Kitchen,2023-03-03,229,328,1037.55,1020.75,815.1,936.7999999999998,880.8857142857144,4,0,61,0,1,0
Hell's Kitchen,2023-03-04,195,281,868.4,1037.55,853.35,1032.9166666666667,912.6642857142857,5,1,62,0,1,0
Hell's Kitchen,2023-03-05,207,299,904.0,868.4,928.45,975.5666666666666,914.8142857142858,6,1,63,0,1,0
Hell's Kitchen,2023-03-06,205,306,934.95,904.0,758.9,936.65,911.3214285714286,0,0,64,0,1,0
Hell's Kitchen,2023-03-07,263,374,1136.05,934.95,749.2,902.4499999999999,936.4714285714286,1,0,65,0,1,0
Hell's Kitchen,2023-03-08,262,357,1184.08,1136.05,1040.45,991.6666666666665,991.7357142857143,2,0,66,0,1,0
Hell's Kitchen,2023-03-09,286,399,1268.7,1184.08,1020.75,1085.0266666666664,1012.2542857142855,3,0,67,0,1,0
Hell's Kitchen,2023-03-10,284,384,1252.18,1268.7,1037.55,1196.2766666666666,1047.6757142857143,4,0,68,0,1,0
Hell's Kitchen,2023-03-11,252,363,1140.8,1252.18,868.4,1234.9866666666665,1078.337142857143,5,1,69,0,1,0
Hell's Kitchen,2023-03-12,266,370,1278.05,1140.8,904.0,1220.5599999999997,1117.2514285714285,6,1,70,0,1,0
Hell's Kitchen,2023-03-13,269,423,1440.9,1278.05,934.95,1223.6766666666665,1170.6871428571428,0,0,71,0,1,0
Hell's Kitchen,2023-03-14,289,380,1379.83,1440.9,1136.05,1286.5833333333333,1242.9657142857143,1,0,72,0,1,0
Hell's Kitchen,2023-03-15,229,317,1005.28,1379.83,1184.08,1366.26,1277.7914285714287,2,0,73,0,1,0
Hell's Kitchen,2023-03-16,260,350,1142.43,1005.28,1268.7,1275.3366666666664,1252.2485714285715,3,0,74,0,1,0
Hell's Kitchen,2023-03-17,176,236,788.45,1142.43,1252.18,1175.8466666666666,1234.2099999999998,4,0,75,0,1,0
Hell's Kitchen,2023-03-18,240,337,1163.25,788.45,1140.8,978.7199999999999,1167.962857142857,5,1,76,0,1,0
Hell's Kitchen,2023-03-19,256,340,1085.18,1163.25,1278.05,1031.3766666666666,1171.17,6,1,77,0,1,0
Hell's Kitchen,2023-03-20,246,351,1114.1,1085.18,1440.9,1012.2933333333332,1143.6171428571429,0,0,78,0,1,0
Hell's Kitchen,2023-03-21,293,394,1316.7,1114.1,1379.83,1120.843333333333,1096.9314285714286,1,0,79,0,1,0
Hell's Kitchen,2023-03-22,207,277,923.9,1316.7,1005.28,1171.993333333333,1087.912857142857,2,0,80,0,1,0
Hell's Kitchen,2023-03-23,237,325,1142.33,923.9,1142.43,1118.2333333333331,1076.287142857143,3,0,81,0,1,0
Hell's Kitchen,2023-03-24,213,300,1015.9,1142.33,788.45,1127.6433333333332,1076.2728571428572,4,0,82,0,1,0
Hell's Kitchen,2023-03-25,213,297,1006.3,1015.9,1163.25,1027.3766666666666,1108.7657142857142,5,1,83,0,1,0
Hell's Kitchen,2023-03-26,208,287,971.63,1006.3,1085.18,1054.843333333333,1086.3442857142857,6,1,84,0,1,0
Hell's Kitchen,2023-03-27,263,380,1060.6,971.63,1114.1,997.9433333333332,1070.122857142857,0,0,85,0,1,0
Hell's Kitchen,2023-03-28,206,280,892.55,1060.6,1316.7,1012.8433333333331,1062.48,1,0,86,0,1,0
Hell's Kitchen,2023-03-29,157,221,672.9,892.55,923.9,974.9266666666666,1001.8871428571429,2,0,87,0,1,0
Hell's Kitchen,2023-03-30,211,291,998.98,672.9,1142.33,875.3499999999998,966.0299999999999,3,0,88,0,1,0
Hell's Kitchen,2023-03-31,203,290,923.4,998.98,1015.9,854.8099999999998,945.5514285714286,4,0,89,0,1,0
Hell's Kitchen,2023-04-01,261,390,1215.35,923.4,1006.3,865.0933333333332,932.3371428571428,5,1,90,0,1,0
Hell's Kitchen,2023-04-02,275,399,1222.3,1215.35,971.63,1045.9099999999999,962.2014285714286,6,1,91,0,1,0
Hell's Kitchen,2023-04-03,257,367,1144.0,1222.3,1060.6,1120.3499999999997,998.0114285714286,0,0,92,0,1,0
Hell's Kitchen,2023-04-04,250,355,1084.55,1144.0,892.55,1193.8833333333332,1009.9257142857142,1,0,93,0,1,0
Hell's Kitchen,2023-04-05,250,356,1108.3,1084.55,672.9,1150.283333333333,1037.3542857142857,2,0,94,0,1,0
Hell's Kitchen,2023-04-06,267,389,1167.0,1108.3,998.98,1112.283333333333,1099.5542857142857,3,0,95,0,1,0
Hell's Kitchen,2023-04-07,338,490,1529.45,1167.0,923.4,1119.9499999999998,1123.5571428571427,4,0,96,0,1,0
Hell's Kitchen,2023-04-08,315,443,1427.78,1529.45,1215.35,1268.2499999999998,1210.1357142857144,5,1,97,0,1,0
Hell's Kitchen,2023-04-09,330,460,1431.4,1427.78,1222.3,1374.743333333333,1240.482857142857,6,1,98,0,1,0
Hell's Kitchen,2023-04-10,311,425,1411.05,1431.4,1144.0,1462.8766666666663,1270.3542857142857,0,0,99,0,1,0
Hell's Kitchen,2023-04-11,304,420,1362.03,1411.05,1084.55,1423.4099999999999,1308.5042857142857,1,0,100,0,1,0
Hell's Kitchen,2023-04-12,337,476,1569.0,1362.03,1108.3,1401.493333333333,1348.1442857142858,2,0,101,0,1,0
Hell's Kitchen,2023-04-13,354,547,1797.4,1569.0,1167.0,1447.36,1413.9585714285715,3,0,102,0,1,0
Hell's Kitchen,2023-04-14,358,483,1818.46,1797.4,1529.45,1576.1433333333332,1504.0157142857145,4,0,103,0,1,0
Hell's Kitchen,2023-04-15,270,372,1229.08,1818.46,1427.78,1728.2866666666666,1545.3028571428572,5,1,104,0,1,0
Hell's Kitchen,2023-04-16,335,461,1555.43,1229.08,1431.4,1614.9799999999998,1516.9171428571428,6,1,105,0,1,0
Hell's Kitchen,2023-04-17,205,291,1638.45,1555.43,1411.05,1534.323333333333,1534.6357142857144,0,0,106,0,1,0
Hell's Kitchen,2023-04-18,329,470,1580.6,1638.45,1362.03,1474.3199999999997,1567.1214285714286,1,0,107,0,1,0
Hell's Kitchen,2023-04-19,309,418,1449.18,1580.6,1569.0,1591.493333333333,1598.3457142857144,2,0,108,0,1,0
Hell's Kitchen,2023-04-20,286,422,1317.4,1449.18,1797.4,1556.0766666666666,1581.2285714285715,3,0,109,0,1,0
Hell's Kitchen,2023-04-21,340,466,1521.85,1317.4,1818.46,1449.0599999999997,1512.6571428571428,4,0,110,0,1,0
Hell's Kitchen,2023-04-22,226,315,1035.45,1521.85,1229.08,1429.4766666666665,1470.2842857142857,5,1,111,0,1,0
Hell's Kitchen,2023-04-23,284,396,1414.48,1035.45,1555.43,1291.5666666666664,1442.622857142857,6,1,112,0,1,0
Hell's Kitchen,2023-04-24,248,348,1166.75,1414.48,1638.45,1323.9266666666665,1422.487142857143,0,0,113,0,1,0
Hell's Kitchen,2023-04-25,266,376,1284.55,1166.75,1580.6,1205.5599999999997,1355.1014285714286,1,0,114,0,1,0
Hell's Kitchen,2023-04-26,304,417,1427.5,1284.55,1449.18,1288.5933333333332,1312.8085714285714,2,0,115,0,1,0
Hell's Kitchen,2023-04-27,319,462,1301.45,1427.5,1317.4,1292.9333333333332,1309.7114285714285,3,0,116,0,1,0
Hell's Kitchen,2023-04-28,248,344,1089.95,1301.45,1521.85,1337.8333333333333,1307.4328571428573,4,0,117,0,1,0
Hell's Kitchen,2023-04-29,199,290,892.55,1089.95,1035.45,1272.9666666666665,1245.732857142857,5,1,118,0,1,0
Hell's Kitchen,2023-04-30,254,346,1111.4,892.55,1414.48,1094.6499999999999,1225.3185714285714,6,1,119,0,1,0
Hell's Kitchen,2023-05-01,347,512,1598.4,1111.4,1166.75,1031.3,1182.0214285714285,0,0,120,0,1,0
Hell's Kitchen,2023-05-02,358,517,1590.55,1598.4,1284.55,1200.783333333333,1243.6857142857145,1,0,121,0,1,0
Hell's Kitchen,2023-05-03,357,503,1552.5,1590.55,1427.5,1433.4499999999998,1287.3999999999999,2,0,122,0,1,0
Hell's Kitchen,2023-05-04,323,467,1448.55,1552.5,1301.45,1580.4833333333333,1305.2571428571428,3,0,123,0,1,0
Hell's Kitchen,2023-05-05,322,463,1445.7,1448.55,1089.95,1530.533333333333,1326.2714285714285,4,0,124,0,1,0
Hell's Kitchen,2023-05-06,327,478,1433.1,1445.7,892.55,1482.25,1377.0928571428572,5,1,125,0,1,0
Hell's Kitchen,2023-05-07,437,635,1957.55,1433.1,1111.4,1442.4499999999998,1454.314285714286,6,1,126,0,1,0
Hell's Kitchen,2023-05-08,396,560,1767.38,1957.55,1598.4,1612.1166666666666,1575.1928571428573,0,0,127,0,1,0
Hell's Kitchen,2023-05-09,430,608,1916.2,1767.38,1590.55,1719.3433333333332,1599.3328571428572,1,0,128,0,1,0
Hell's Kitchen,2023-05-10,422,586,1942.63,1916.2,1552.5,1880.3766666666663,1645.8542857142857,2,0,129,0,1,0
Hell's Kitchen,2023-05-11,404,562,1905.31,1942.63,1448.55,1875.403333333333,1701.587142857143,3,0,130,0,1,0
Hell's Kitchen,2023-05-12,411,583,1896.4,1905.31,1445.7,1921.3799999999999,1766.8385714285716,4,0,131,0,1,0
Hell's Kitchen,2023-05-13,445,684,2312.6,1896.4,1433.1,1914.78,1831.2242857142858,5,1,132,0,1,0
Hell's Kitchen,2023-05-14,424,561,1979.71,2312.6,1957.55,2038.1033333333332,1956.8671428571429,6,1,133,0,1,0
Hell's Kitchen,2023-05-15,342,480,1592.65,1979.71,1767.38,2062.903333333333,1960.032857142857,0,0,134,0,1,0
Hell's Kitchen,2023-05-16,399,541,1815.78,1592.65,1916.2,1961.653333333333,1935.0714285714287,1,0,135,0,1,0
Hell's Kitchen,2023-05-17,247,359,1791.3500000000001,1815.78,1942.63,1796.0466666666664,1920.7257142857143,2,0,136,0,1,0
Hell's Kitchen,2023-05-18,419,583,1949.33,1791.3500000000001,1905.31,1733.26,1899.1142857142856,3,0,137,0,1,0
Hell's Kitchen,2023-05-19,405,561,1908.83,1949.33,1896.4,1852.153333333333,1905.402857142857,4,0,138,0,1,0
Hell's Kitchen,2023-05-20,393,568,1883.1499999999999,1908.83,2312.6,1883.17,1907.1785714285713,5,1,139,0,1,0
Hell's Kitchen,2023-05-21,436,605,2085.08,1883.1499999999999,1979.71,1913.7699999999998,1845.8285714285714,6,1,140,0,1,0
Hell's Kitchen,2023-05-22,320,442,1510.95,2085.08,1592.65,1959.0199999999998,1860.8814285714288,0,0,141,0,1,0
Hell's Kitchen,2023-05-23,394,544,1835.93,1510.95,1815.78,1826.3933333333332,1849.2099999999998,1,0,142,0,1,0
Hell's Kitchen,2023-05-24,314,444,1533.2,1835.93,1791.3500000000001,1810.6533333333334,1852.0885714285716,2,0,143,0,1,0
Hell's Kitchen,2023-05-25,321,456,1597.4,1533.2,1949.33,1626.6933333333334,1815.2100000000003,3,0,144,0,1,0
Hell's Kitchen,2023-05-26,337,451,1507.3,1597.4,1908.83,1655.5100000000002,1764.9342857142858,4,0,145,0,1,0
Hell's Kitchen,2023-05-27,406,582,1655.25,1507.3,1883.1499999999999,1545.9666666666665,1707.5728571428572,5,1,146,0,1,0
Hell's Kitchen,2023-05-28,299,404,1264.75,1655.25,2085.08,1586.6500000000003,1675.0157142857145,6,1,147,0,1,0
Hell's Kitchen,2023-05-29,257,363,1125.15,1264.75,1510.95,1475.7666666666664,1557.8257142857142,0,0,148,0,1,0
Hell's Kitchen,2023-05-30,307,426,1432.5,1125.15,1835.93,1348.3833333333334,1502.7114285714285,1,0,149,0,1,0
Hell's Kitchen,2023-05-31,295,416,1363.75,1432.5,1533.2,1274.1333333333334,1445.0785714285714,2,0,150,0,1,0
Hell's Kitchen,2023-06-01,392,582,1829.2,1363.75,1597.4,1307.1333333333334,1420.8714285714284,3,0,151,0,1,0
Hell's Kitchen,2023-06-02,381,555,1701.6,1829.2,1507.3,1541.8166666666666,1453.9857142857143,4,0,152,0,1,0
Hell's Kitchen,2023-06-03,360,522,1612.8,1701.6,1655.25,1631.5166666666667,1481.7428571428572,5,1,153,0,1,0
Hell's Kitchen,2023-06-04,363,529,1628.9,1612.8,1264.75,1714.5333333333335,1475.6785714285713,6,1,154,0,1,0
Hell's Kitchen,2023-06-05,346,495,1531.7,1628.9,1125.15,1647.7666666666667,1527.7000000000003,0,0,155,0,1,0
Hell's Kitchen,2023-06-06,362,533,1611.4,1531.7,1432.5,1591.1333333333332,1585.7785714285712,1,0,156,0,1,0
Hell's Kitchen,2023-06-07,453,652,2045.5,1611.4,1363.75,1590.6666666666667,1611.3357142857144,2,0,157,0,1,0
Hell's Kitchen,2023-06-08,448,623,2028.1100000000001,2045.5,1829.2,1729.5333333333335,1708.7285714285713,3,0,158,0,1,0
Hell's Kitchen,2023-06-09,491,693,2189.6,2028.1100000000001,1701.6,1895.0033333333333,1737.1442857142858,4,0,159,0,1,0
Hell's Kitchen,2023-06-10,439,612,1990.7,2189.6,1612.8,2087.7366666666667,1806.8585714285714,5,1,160,0,1,0
Hell's Kitchen,2023-06-11,455,636,2002.53,1990.7,1628.9,2069.47,1860.844285714286,6,1,161,0,1,0
Hell's Kitchen,2023-06-12,453,644,2106.6,2002.53,1531.7,2060.943333333333,1914.22,0,0,162,0,1,0
Hell's Kitchen,2023-06-13,493,769,2534.8,2106.6,1611.4,2033.2766666666666,1996.3485714285714,1,0,163,0,1,0
Hell's Kitchen,2023-06-14,498,672,2496.61,2534.8,2045.5,2214.6433333333334,2128.2628571428572,2,0,164,0,1,0
Hell's Kitchen,2023-06-15,392,549,1788.18,2496.61,2028.1100000000001,2379.3366666666666,2192.707142857143,3,0,165,0,1,0
Hell's Kitchen,2023-06-16,436,597,1975.95,1788.18,2189.6,2273.1966666666667,2158.4314285714286,4,0,166,0,1,0
Hell's Kitchen,2023-06-17,273,397,2320.1,1975.95,1990.7,2086.9133333333334,2127.9100000000003,5,1,167,0,1,0
Hell's Kitchen,2023-06-18,451,638,2175.93,2320.1,2002.53,2028.0766666666666,2174.967142857143,6,1,168,0,1,0
Hell's Kitchen,2023-06-19,454,624,2124.08,2175.93,2106.6,2157.3266666666664,2199.7385714285715,0,0,169,0,1,0
Hell's Kitchen,2023-06-20,396,575,1885.65,2124.08,2534.8,2206.7033333333334,2202.235714285714,1,0,170,0,1,0
Hell's Kitchen,2023-06-21,485,671,2303.83,1885.65,2496.61,2061.8866666666668,2109.5,2,0,171,0,1,0
Hell's Kitchen,2023-06-22,341,469,1557.1,2303.83,1788.18,2104.52,2081.96,3,0,172,0,1,0
Hell's Kitchen,2023-06-23,402,570,1984.08,1557.1,1975.95,1915.5266666666666,2048.9485714285715,4,0,173,0,1,0
Hell's Kitchen,2023-06-24,359,511,1690.8,1984.08,2320.1,1948.3366666666668,2050.1099999999997,5,1,174,0,1,0
Hell's Kitchen,2023-06-25,376,527,1769.2,1690.8,2175.93,1743.993333333333,1960.2099999999998,6,1,175,0,1,0
Hell's Kitchen,2023-06-26,387,528,1746.1,1769.2,2124.08,1814.6933333333334,1902.1057142857142,0,0,176,0,1,0
Hell's Kitchen,2023-06-27,414,594,1676.7,1746.1,1885.65,1735.3666666666668,1848.1085714285714,1,0,177,0,1,0
Hell's Kitchen,2023-06-28,334,459,1445.85,1676.7,2303.83,1730.6666666666667,1818.2585714285717,2,0,178,0,1,0
Hell's Kitchen,2023-06-29,294,420,1298.55,1445.85,1557.1,1622.8833333333332,1695.6899999999998,3,0,179,0,1,0
Hell's Kitchen,2023-06-30,343,478,1904.93,1298.55,1984.08,1473.7,1658.7542857142857,4,0,180,0,1,0
Lower Manhattan,2023-01-08,205,302,972.55,788.25,788.35,793.25,743.3357142857143,6,1,7,0,0,1
Lower Manhattan,2023-01-09,192,262,1008.1999999999999,972.55,649.05,850.4666666666667,769.6499999999999,0,0,8,0,0,1
Lower Manhattan,2023-01-10,203,277,930.55,1008.1999999999999,756.0,923.0,820.9571428571429,1,0,9,0,0,1
Lower Manhattan,2023-01-11,187,258,841.05,930.55,630.2,970.4333333333334,845.8928571428571,2,0,10,0,0,1
Lower Manhattan,2023-01-12,211,302,915.1,841.05,800.9,926.5999999999999,876.0142857142856,3,0,11,0,0,1
Lower Manhattan,2023-01-13,193,295,965.1999999999999,915.1,790.6,895.5666666666666,892.3285714285714,4,0,12,0,0,1
Lower Manhattan,2023-01-14,179,232,775.0,965.1999999999999,788.25,907.1166666666667,917.2714285714285,5,1,13,0,0,1
Lower Manhattan,2023-01-15,199,282,856.35,775.0,972.55,885.1,915.3785714285714,6,1,14,0,0,1
Lower Manhattan,2023-01-16,192,259,850.68,856.35,1008.1999999999999,865.5166666666668,898.7785714285714,0,0,15,0,0,1
Lower Manhattan,2023-01-17,185,251,788.9,850.68,930.55,827.3433333333332,876.2757142857143,1,0,16,0,0,1
Lower Manhattan,2023-01-18,186,269,825.83,788.9,841.05,831.9766666666666,856.04,2,0,17,0,0,1
Lower Manhattan,2023-01-19,184,252,788.05,825.83,915.1,821.8033333333333,853.8657142857143,3,0,18,0,0,1
Lower Manhattan,2023-01-20,168,268,791.55,788.05,965.1999999999999,800.9266666666666,835.7157142857142,4,0,19,0,0,1
Lower Manhattan,2023-01-21,181,295,1015.0,791.55,775.0,801.81,810.9085714285713,5,1,20,0,0,1
Lower Manhattan,2023-01-22,186,332,1003.0799999999999,1015.0,856.35,864.8666666666667,845.1942857142857,6,1,21,0,0,1
Lower Manhattan,2023-01-23,170,289,898.75,1003.0799999999999,850.68,936.5433333333334,866.1557142857143,0,0,22,0,0,1
Lower Manhattan,2023-01-24,213,349,1105.8,898.75,788.9,972.2766666666666,873.0228571428571,1,0,23,0,0,1
Lower Manhattan,2023-01-25,187,334,1063.85,1105.8,825.83,1002.5433333333334,918.2942857142858,2,0,24,0,0,1
Lower Manhattan,2023-01-26,186,324,1067.3500000000001,1063.85,788.05,1022.7999999999998,952.2971428571427,3,0,25,0,0,1
Lower Manhattan,2023-01-27,206,349,1143.5,1067.3500000000001,791.55,1079.0,992.1971428571429,4,0,26,0,0,1
Lower Manhattan,2023-01-28,140,201,604.1999999999999,1143.5,1015.0,1091.5666666666666,1042.4757142857143,5,1,27,0,0,1
Lower Manhattan,2023-01-29,140,196,627.9,604.1999999999999,1003.0799999999999,938.35,983.79,6,1,28,0,0,1
Lower Manhattan,2023-01-30,143,209,737.41,627.9,898.75,791.8666666666667,930.1928571428572,0,0,29,0,0,1
Lower Manhattan,2023-01-31,138,208,764.23,737.41,1105.8,656.5033333333332,907.1442857142857,1,0,30,0,0,1
Lower Manhattan,2023-02-01,179,255,783.2,764.23,1063.85,709.8466666666667,858.3485714285714,2,0,31,0,0,1
Lower Manhattan,2023-02-02,159,225,678.15,783.2,1067.3500000000001,761.6133333333333,818.2557142857142,3,0,32,0,0,1
Lower Manhattan,2023-02-03,170,242,755.25,678.15,1143.5,741.86,762.6557142857143,4,0,33,0,0,1
Lower Manhattan,2023-02-04,193,285,881.1,755.25,604.1999999999999,738.8666666666668,707.1914285714286,5,1,34,0,0,1
Lower Manhattan,2023-02-05,164,232,724.1,881.1,627.9,771.5,746.7485714285714,6,1,35,0,0,1
Lower Manhattan,2023-02-06,168,239,751.9,724.1,737.41,786.8166666666666,760.4914285714286,0,0,36,0,0,1
Lower Manhattan,2023-02-07,158,222,737.0,751.9,764.23,785.6999999999999,762.5614285714285,1,0,37,0,0,1
Lower Manhattan,2023-02-08,199,283,883.7,737.0,783.2,737.6666666666666,758.6714285714286,2,0,38,0,0,1
Lower Manhattan,2023-02-09,171,244,884.58,883.7,678.15,790.8666666666667,773.0285714285716,3,0,39,0,0,1
Lower Manhattan,2023-02-10,205,295,961.3,884.58,755.25,835.0933333333332,802.5185714285715,4,0,40,0,0,1
Lower Manhattan,2023-02-11,191,265,825.48,961.3,881.1,909.86,831.9542857142858,5,1,41,0,0,1
Lower Manhattan,2023-02-12,234,339,1087.6,825.48,724.1,890.4533333333334,824.0085714285715,6,1,42,0,0,1
Lower Manhattan,2023-02-13,212,329,1018.43,1087.6,751.9,958.1266666666667,875.9371428571428,0,0,43,0,0,1
Lower Manhattan,2023-02-14,179,237,763.23,1018.43,737.0,977.17,914.0128571428571,1,0,44,0,0,1
Lower Manhattan,2023-02-15,181,249,822.85,763.23,883.7,956.42,917.7600000000001,2,0,45,0,0,1
Lower Manhattan,2023-02-16,201,266,923.8000000000001,822.85,884.58,868.1700000000001,909.0671428571428,3,0,46,0,0,1
Lower Manhattan,2023-02-17,169,229,695.55,923.8000000000001,961.3,836.6266666666667,914.67,4,0,47,0,0,1
Lower Manhattan,2023-02-18,180,233,746.4499999999999,695.55,825.48,814.0666666666667,876.7057142857142,5,1,48,0,0,1
Lower Manhattan,2023-02-19,200,275,891.0,746.4499999999999,1087.6,788.6,865.4157142857142,6,1,49,0,0,1
Lower Manhattan,2023-02-20,204,336,1056.75,891.0,1018.43,777.6666666666666,837.3299999999999,0,0,50,0,0,1
Lower Manhattan,2023-02-21,165,276,954.4,1056.75,763.23,898.0666666666666,842.8042857142857,1,0,51,0,0,1
Lower Manhattan,2023-02-22,187,323,1060.5,954.4,822.85,967.3833333333333,870.1142857142856,2,0,52,0,0,1
Lower Manhattan,2023-02-23,178,311,952.73,1060.5,923.8000000000001,1023.8833333333333,904.0642857142858,3,0,53,0,0,1
Lower Manhattan,2023-02-24,214,373,1138.7,952.73,695.55,989.21,908.1971428571429,4,0,54,0,0,1
Lower Manhattan,2023-02-25,209,367,1156.65,1138.7,746.4499999999999,1050.6433333333334,971.5042857142856,5,1,55,0,0,1
Lower Manhattan,2023-02-26,170,299,997.4,1156.65,891.0,1082.6933333333334,1030.1042857142859,6,1,56,0,0,1
Lower Manhattan,2023-02-27,268,434,1469.25,997.4,1056.75,1097.5833333333333,1045.3042857142857,0,0,57,0,0,1
Lower Manhattan,2023-02-28,155,232,719.0,1469.25,954.4,1207.7666666666667,1104.2328571428573,1,0,58,0,0,1
Lower Manhattan,2023-03-01,218,310,978.7,719.0,1060.5,1061.8833333333332,1070.6042857142859,2,0,59,0,0,1
Lower Manhattan,2023-03-02,202,280,886.9,978.7,952.73,1055.6499999999999,1058.9185714285713,3,0,60,0,0,1
Lower Manhattan,2023-03-03,217,311,957.25,886.9,1138.7,861.5333333333333,1049.5142857142857,4,0,61,0,0,1
Lower Manhattan,2023-03-04,201,288,904.75,957.25,1156.65,940.9499999999999,1023.5928571428573,5,1,62,0,0,1
Lower Manhattan,2023-03-05,215,298,944.15,904.75,997.4,916.3000000000001,987.6071428571429,6,1,63,0,0,1
Lower Manhattan,2023-03-06,213,299,950.35,944.15,1469.25,935.3833333333332,980.0,0,0,64,0,0,1
Lower Manhattan,2023-03-07,154,216,746.15,950.35,719.0,933.0833333333334,905.8714285714286,1,0,65,0,0,1
Lower Manhattan,2023-03-08,239,350,1130.1,746.15,978.7,880.2166666666666,909.75,2,0,66,0,0,1
Lower Manhattan,2023-03-09,237,335,1282.44,1130.1,886.9,942.1999999999999,931.3785714285714,3,0,67,0,0,1
Lower Manhattan,2023-03-10,236,340,1108.2,1282.44,957.25,1052.8966666666668,987.8842857142856,4,0,68,0,0,1
Lower Manhattan,2023-03-11,236,344,1075.6000000000001,1108.2,904.75,1173.58,1009.4485714285713,5,1,69,0,0,1
Lower Manhattan,2023-03-12,257,375,1146.15,1075.6000000000001,944.15,1155.4133333333334,1033.8557142857142,6,1,70,0,0,1
Lower Manhattan,2023-03-13,262,405,1340.65,1146.15,950.35,1109.9833333333333,1062.712857142857,0,0,71,0,0,1
Lower Manhattan,2023-03-14,219,281,966.28,1340.65,746.15,1187.4666666666667,1118.47,1,0,72,0,0,1
Lower Manhattan,2023-03-15,209,285,915.3,966.28,1130.1,1151.0266666666666,1149.9171428571428,2,0,73,0,0,1
Lower Manhattan,2023-03-16,240,328,1094.55,915.3,1282.44,1074.0766666666666,1119.2314285714285,3,0,74,0,0,1
Lower Manhattan,2023-03-17,221,298,952.85,1094.55,1108.2,992.0433333333334,1092.39,4,0,75,0,0,1
Lower Manhattan,2023-03-18,231,311,1037.53,952.85,1075.6000000000001,987.5666666666666,1070.1971428571428,5,1,76,0,0,1
Lower Manhattan,2023-03-19,190,256,766.35,1037.53,1146.15,1028.3100000000002,1064.7585714285713,6,1,77,0,0,1
Lower Manhattan,2023-03-20,209,352,1035.1,766.35,1340.65,918.91,1010.5014285714286,0,0,78,0,0,1
Lower Manhattan,2023-03-21,186,319,1057.25,1035.1,966.28,946.3266666666667,966.8514285714284,1,0,79,0,0,1
Lower Manhattan,2023-03-22,210,370,1235.66,1057.25,915.3,952.9,979.8471428571429,2,0,80,0,0,1
Lower Manhattan,2023-03-23,223,387,1158.25,1235.66,1094.55,1109.3366666666668,1025.6128571428571,3,0,81,0,0,1
Lower Manhattan,2023-03-24,259,456,1447.1,1158.25,952.85,1150.3866666666665,1034.712857142857,4,0,82,0,0,1
Lower Manhattan,2023-03-25,238,416,1348.9,1447.1,1037.53,1280.3366666666668,1105.32,5,1,83,0,0,1
Lower Manhattan,2023-03-26,195,360,1130.55,1348.9,766.35,1318.0833333333333,1149.8014285714285,6,1,84,0,0,1
Lower Manhattan,2023-03-27,252,437,1489.75,1130.55,1035.1,1308.8500000000001,1201.83,0,0,85,0,0,1
Lower Manhattan,2023-03-28,207,305,945.25,1489.75,1057.25,1323.0666666666666,1266.78,1,0,86,0,0,1
Lower Manhattan,2023-03-29,194,274,840.3,945.25,1235.66,1188.5166666666667,1250.78,2,0,87,0,0,1
Lower Manhattan,2023-03-30,210,319,966.79,840.3,1158.25,1091.7666666666667,1194.3,3,0,88,0,0,1
Lower Manhattan,2023-03-31,202,304,1049.53,966.79,1447.1,917.4466666666667,1166.9485714285713,4,0,89,0,0,1
Lower Manhattan,2023-04-01,267,375,1168.05,1049.53,1348.9,952.2066666666666,1110.152857142857,5,1,90,0,0,1
Lower Manhattan,2023-04-02,233,327,1002.2,1168.05,1130.55,1061.4566666666667,1084.3171428571427,6,1,91,0,0,1
Lower Manhattan,2023-04-03,259,366,1127.55,1002.2,1489.75,1073.26,1065.9814285714288,0,0,92,0,0,1
Lower Manhattan,2023-04-04,241,360,1092.0,1127.55,945.25,1099.2666666666667,1014.2385714285714,1,0,93,0,0,1
Lower Manhattan,2023-04-05,274,380,1202.25,1092.0,840.3,1073.9166666666667,1035.202857142857,2,0,94,0,0,1
Lower Manhattan,2023-04-06,245,346,1080.25,1202.25,966.79,1140.6000000000001,1086.91,3,0,95,0,0,1
Lower Manhattan,2023-04-07,202,280,1014.75,1080.25,1049.53,1124.8333333333333,1103.1185714285714,4,0,96,0,0,1
Lower Manhattan,2023-04-08,302,440,1513.3500000000001,1014.75,1168.05,1099.0833333333333,1098.1499999999999,5,1,97,0,0,1
Lower Manhattan,2023-04-09,264,377,1465.3,1513.3500000000001,1002.2,1202.7833333333335,1147.4785714285715,6,1,98,0,0,1
Lower Manhattan,2023-04-10,314,445,1453.8,1465.3,1127.55,1331.1333333333334,1213.6357142857141,0,0,99,0,0,1
Lower Manhattan,2023-04-11,282,406,1195.83,1453.8,1092.0,1477.4833333333333,1260.2428571428572,1,0,100,0,0,1
Lower Manhattan,2023-04-12,327,476,1512.55,1195.83,1202.25,1371.6433333333332,1275.0757142857144,2,0,101,0,0,1
Lower Manhattan,2023-04-13,257,394,1247.43,1512.55,1080.25,1387.3933333333334,1319.4042857142856,3,0,102,0,0,1
Lower Manhattan,2023-04-14,240,309,1116.96,1247.43,1014.75,1318.6033333333332,1343.287142857143,4,0,103,0,0,1
Lower Manhattan,2023-04-15,285,403,1270.05,1116.96,1513.3500000000001,1292.3133333333333,1357.8885714285716,5,1,104,0,0,1
Lower Manhattan,2023-04-16,327,426,1462.8799999999999,1270.05,1465.3,1211.48,1323.1314285714286,6,1,105,0,0,1
Lower Manhattan,2023-04-17,275,369,1150.05,1462.8799999999999,1453.8,1283.2966666666669,1322.7857142857142,0,0,106,0,0,1
Lower Manhattan,2023-04-18,259,352,1164.68,1150.05,1195.83,1294.3266666666666,1279.392857142857,1,0,107,0,0,1
Lower Manhattan,2023-04-19,263,364,1130.2,1164.68,1512.55,1259.2033333333331,1274.9428571428573,2,0,108,0,0,1
Lower Manhattan,2023-04-20,279,461,1443.43,1130.2,1247.43,1148.31,1220.3214285714287,3,0,109,0,0,1
Lower Manhattan,2023-04-21,256,435,1381.65,1443.43,1116.96,1246.1033333333335,1248.3214285714287,4,0,110,0,0,1
Lower Manhattan,2023-04-22,294,509,1634.18,1381.65,1270.05,1318.4266666666665,1286.1342857142859,5,1,111,0,0,1
Lower Manhattan,2023-04-23,275,482,1522.76,1634.18,1462.8799999999999,1486.42,1338.152857142857,6,1,112,0,0,1
Lower Manhattan,2023-04-24,298,504,1558.9,1522.76,1150.05,1512.8633333333335,1346.707142857143,0,0,113,0,0,1
Lower Manhattan,2023-04-25,296,529,1664.35,1558.9,1164.68,1571.9466666666667,1405.1142857142856,1,0,114,0,0,1
Lower Manhattan,2023-04-26,290,518,1684.45,1664.35,1130.2,1582.0033333333333,1476.4957142857143,2,0,115,0,0,1
Lower Manhattan,2023-04-27,318,554,1686.1000000000001,1684.45,1443.43,1635.8999999999999,1555.6742857142858,3,0,116,0,0,1
Lower Manhattan,2023-04-28,251,369,1111.15,1686.1000000000001,1381.65,1678.3000000000002,1590.3414285714284,4,0,117,0,0,1
Lower Manhattan,2023-04-29,223,309,936.9,1111.15,1634.18,1493.8999999999999,1551.6985714285715,5,1,118,0,0,1
Lower Manhattan,2023-04-30,254,384,1165.33,936.9,1522.76,1244.7166666666667,1452.087142857143,6,1,119,0,0,1
Lower Manhattan,2023-05-01,327,470,1475.4,1165.33,1558.9,1071.1266666666668,1401.0257142857142,0,0,120,0,0,1
Lower Manhattan,2023-05-02,289,414,1276.5,1475.4,1664.35,1192.5433333333333,1389.097142857143,1,0,121,0,0,1
Lower Manhattan,2023-05-03,317,453,1401.65,1276.5,1684.45,1305.7433333333333,1333.69,2,0,122,0,0,1
Lower Manhattan,2023-05-04,321,469,1431.3,1401.65,1686.1000000000001,1384.5166666666667,1293.2900000000002,3,0,123,0,0,1
Lower Manhattan,2023-05-05,353,490,1528.65,1431.3,1111.15,1369.8166666666666,1256.8899999999999,4,0,124,0,0,1
Lower Manhattan,2023-05-06,337,472,1479.0,1528.65,936.9,1453.8666666666668,1316.5328571428574,5,1,125,0,0,1
Lower Manhattan,2023-05-07,251,357,1168.55,1479.0,1165.33,1479.6499999999999,1393.9757142857145,6,1,126,0,0,1
Lower Manhattan,2023-05-08,399,588,1869.15,1168.55,1475.4,1392.0666666666666,1394.435714285714,0,0,127,0,0,1
Lower Manhattan,2023-05-09,351,480,1822.66,1869.15,1276.5,1505.5666666666668,1450.685714285714,1,0,128,0,0,1
Lower Manhattan,2023-05-10,361,507,1596.8,1822.66,1401.65,1620.1200000000001,1528.7085714285713,2,0,129,0,0,1
Lower Manhattan,2023-05-11,350,507,1549.75,1596.8,1431.3,1762.8700000000001,1556.587142857143,3,0,130,0,0,1
Lower Manhattan,2023-05-12,375,548,1609.65,1549.75,1528.65,1656.4033333333334,1573.5085714285717,4,0,131,0,0,1
Lower Manhattan,2023-05-13,388,594,1899.08,1609.65,1479.0,1585.4000000000003,1585.08,5,1,132,0,0,1
Lower Manhattan,2023-05-14,354,461,1590.94,1899.08,1168.55,1686.1599999999999,1645.0914285714284,6,1,133,0,0,1
Lower Manhattan,2023-05-15,367,500,1611.45,1590.94,1869.15,1699.89,1705.4328571428573,0,0,134,0,0,1
Lower Manhattan,2023-05-16,370,493,1684.2,1611.45,1822.66,1700.49,1668.6185714285714,1,0,135,0,0,1
Lower Manhattan,2023-05-17,369,510,1684.15,1684.2,1596.8,1628.8633333333335,1648.8385714285716,2,0,136,0,0,1
Lower Manhattan,2023-05-18,376,510,1668.2,1684.15,1549.75,1659.9333333333334,1661.3171428571427,3,0,137,0,0,1
Lower Manhattan,2023-05-19,361,497,1564.35,1668.2,1609.65,1678.8500000000001,1678.2385714285715,4,0,138,0,0,1
Lower Manhattan,2023-05-20,357,602,1837.4,1564.35,1899.08,1638.8999999999999,1671.767142857143,5,1,139,0,0,1
Lower Manhattan,2023-05-21,322,544,1716.95,1837.4,1590.94,1689.9833333333333,1662.9557142857143,6,1,140,0,0,1
Lower Manhattan,2023-05-22,407,705,2257.06,1716.95,1611.45,1706.2333333333336,1680.957142857143,0,0,141,0,0,1
Lower Manhattan,2023-05-23,322,572,1753.88,2257.06,1684.2,1937.1366666666665,1773.187142857143,1,0,142,0,0,1
Lower Manhattan,2023-05-24,368,633,1968.6,1753.88,1684.15,1909.2966666666669,1783.1414285714286,2,0,143,0,0,1
Lower Manhattan,2023-05-25,353,629,2005.3,1968.6,1668.2,1993.18,1823.777142857143,3,0,144,0,0,1
Lower Manhattan,2023-05-26,343,619,1967.0,2005.3,1564.35,1909.26,1871.9342857142856,4,0,145,0,0,1
Lower Manhattan,2023-05-27,403,693,2242.85,1967.0,1837.4,1980.3,1929.455714285714,5,1,146,0,0,1
Lower Manhattan,2023-05-28,328,467,1461.05,2242.85,1716.95,2071.7166666666667,1987.3771428571429,6,1,147,0,0,1
Lower Manhattan,2023-05-29,286,391,1197.25,1461.05,2257.06,1890.3,1950.8199999999997,0,0,148,0,0,1
Lower Manhattan,2023-05-30,333,500,1732.03,1197.25,1753.88,1633.7166666666665,1799.418571428571,1,0,149,0,0,1
Lower Manhattan,2023-05-31,320,500,1649.27,1732.03,1968.6,1463.4433333333334,1796.297142857143,2,0,150,0,0,1
Lower Manhattan,2023-06-01,350,511,1602.95,1649.27,2005.3,1526.1833333333334,1750.6785714285713,3,0,151,0,0,1
Lower Manhattan,2023-06-02,330,465,1439.45,1602.95,1967.0,1661.4166666666667,1693.2,4,0,152,0,0,1
Lower Manhattan,2023-06-03,361,516,1600.35,1439.45,2242.85,1563.89,1617.8357142857144,5,1,153,0,0,1
Lower Manhattan,2023-06-04,351,518,1595.35,1600.35,1461.05,1547.5833333333333,1526.05,6,1,154,0,0,1
Lower Manhattan,2023-06-05,348,487,1537.0,1595.35,1197.25,1545.0500000000002,1545.2357142857145,0,0,155,0,0,1
Lower Manhattan,2023-06-06,366,515,1590.4,1537.0,1732.03,1577.5666666666668,1593.7714285714287,1,0,156,0,0,1
Lower Manhattan,2023-06-07,275,390,1282.05,1590.4,1649.27,1574.25,1573.5385714285715,2,0,157,0,0,1
Lower Manhattan,2023-06-08,407,591,1954.8,1282.05,1602.95,1469.8166666666668,1521.0785714285714,3,0,158,0,0,1
Lower Manhattan,2023-06-09,392,556,2159.08,1954.8,1439.45,1609.0833333333333,1571.3428571428574,4,0,159,0,0,1
Lower Manhattan,2023-06-10,396,558,1886.6,2159.08,1600.35,1798.6433333333334,1674.1471428571426,5,1,160,0,0,1
Lower Manhattan,2023-06-11,385,543,1712.43,1886.6,1595.35,2000.1599999999999,1715.0399999999997,6,1,161,0,0,1
Lower Manhattan,2023-06-12,436,636,1977.5,1712.43,1537.0,1919.3700000000001,1731.7657142857145,0,0,162,0,0,1
Lower Manhattan,2023-06-13,447,689,2215.11,1977.5,1590.4,1858.8433333333335,1794.6942857142858,1,0,163,0,0,1
Lower Manhattan,2023-06-14,393,511,1751.36,2215.11,1282.05,1968.346666666667,1883.9385714285713,2,0,164,0,0,1
Lower Manhattan,2023-06-15,377,518,1644.85,1751.36,1954.8,1981.3233333333335,1950.9828571428573,3,0,165,0,0,1
Lower Manhattan,2023-06-16,412,548,1805.68,1644.85,2159.08,1870.4399999999998,1906.7042857142858,4,0,166,0,0,1
Lower Manhattan,2023-06-17,391,537,1724.85,1805.68,1886.6,1733.9633333333334,1856.2185714285713,5,1,167,0,0,1
Lower Manhattan,2023-06-18,402,537,1805.28,1724.85,1712.43,1725.126666666667,1833.1114285714286,6,1,168,0,0,1
Lower Manhattan,2023-06-19,400,546,1733.4,1805.28,1977.5,1778.6033333333335,1846.3757142857144,0,0,169,0,0,1
Lower Manhattan,2023-06-20,372,629,1929.63,1733.4,2215.11,1754.5100000000002,1811.5042857142857,1,0,170,0,0,1
Lower Manhattan,2023-06-21,351,586,1890.3,1929.63,1751.36,1822.7700000000002,1770.7214285714285,2,0,171,0,0,1
Lower Manhattan,2023-06-22,399,688,2145.95,1890.3,1644.85,1851.1100000000004,1790.57,3,0,172,0,0,1
Lower Manhattan,2023-06-23,356,631,1933.38,2145.95,1805.68,1988.6266666666668,1862.1557142857143,4,0,173,0,0,1
Lower Manhattan,2023-06-24,383,657,2097.75,1933.38,1724.85,1989.8766666666668,1880.3985714285716,5,1,174,0,0,1
Lower Manhattan,2023-06-25,402,707,2244.95,2097.75,1805.28,2059.0266666666666,1933.67,6,1,175,0,0,1
Lower Manhattan,2023-06-26,376,674,2154.7,2244.95,1733.4,2092.0266666666666,1996.4799999999998,0,0,176,0,0,1
Lower Manhattan,2023-06-27,442,770,2437.4,2154.7,1929.63,2165.7999999999997,2056.6657142857143,1,0,177,0,0,1
Lower Manhattan,2023-06-28,343,492,1524.95,2437.4,1890.3,2279.016666666667,2129.2042857142856,2,0,178,0,0,1
Lower Manhattan,2023-06-29,305,424,1299.45,1524.95,2145.95,2039.0166666666667,2077.0114285714285,3,0,179,0,0,1
Lower Manhattan,2023-06-30,348,535,1768.74,1299.45,1933.38,1753.9333333333336,1956.0828571428572,4,0,180,0,0,1
