datetime,store,model,actual,forecast
2023-06-03,Astoria,Naive,1953.5,1915.45
2023-06-04,Astoria,Naive,1760.9,1915.45
2023-06-05,Astoria,Naive,1842.45,1915.45
2023-06-06,Astoria,Naive,1397.1,1915.45
2023-06-07,Astoria,Naive,1555.55,1915.45
2023-06-08,Astoria,Naive,2168.68,1915.45
2023-06-09,Astoria,Naive,1518.48,1915.45
2023-06-10,Astoria,Naive,1749.4499999999998,1915.45
2023-06-11,Astoria,Naive,1703.65,1915.45
2023-06-12,Astoria,Naive,1244.6,1915.45
2023-06-13,Astoria,Naive,1439.45,1915.45
2023-06-14,Astoria,Naive,1588.55,1915.45
2023-06-15,Astoria,Naive,2373.21,1915.45
2023-06-16,Astoria,Naive,2229.8,1915.45
2023-06-17,Astoria,Naive,2072.65,1915.45
2023-06-18,Astoria,Naive,2044.8799999999999,1915.45
2023-06-19,Astoria,Naive,2546.4300000000003,1915.45
2023-06-20,Astoria,Naive,1679.38,1915.45
2023-06-21,Astoria,Naive,1614.25,1915.45
2023-06-22,Astoria,Naive,1912.05,1915.45
2023-06-23,Astoria,Naive,1864.4,1915.45
2023-06-24,Astoria,Naive,2117.55,1915.45
2023-06-25,Astoria,Naive,1740.7,1915.45
2023-06-26,Astoria,Naive,1975.1,1915.45
2023-06-27,Astoria,Naive,1861.55,1915.45
2023-06-28,Astoria,Naive,1758.1,1915.45
2023-06-29,Astoria,Naive,1852.75,1915.45
2023-06-30,Astoria,Naive,1807.65,1915.45
2023-06-03,Astoria,Seasonal Naive (7d),1953.5,1661.05
2023-06-04,Astoria,Seasonal Naive (7d),1760.9,1612.85
2023-06-05,Astoria,Seasonal Naive (7d),1842.45,1637.1
2023-06-06,Astoria,Seasonal Naive (7d),1397.1,1670.95
2023-06-07,Astoria,Seasonal Naive (7d),1555.55,1671.11
2023-06-08,Astoria,Seasonal Naive (7d),2168.68,1794.85
2023-06-09,Astoria,Seasonal Naive (7d),1518.48,1915.45
2023-06-10,Astoria,Seasonal Naive (7d),1749.4499999999998,1661.05
2023-06-11,Astoria,Seasonal Naive (7d),1703.65,1612.85
2023-06-12,Astoria,Seasonal Naive (7d),1244.6,1637.1
2023-06-13,Astoria,Seasonal Naive (7d),1439.45,1670.95
2023-06-14,Astoria,Seasonal Naive (7d),1588.55,1671.11
2023-06-15,Astoria,Seasonal Naive (7d),2373.21,1794.85
2023-06-16,Astoria,Seasonal Naive (7d),2229.8,1915.45
2023-06-17,Astoria,Seasonal Naive (7d),2072.65,1661.05
2023-06-18,Astoria,Seasonal Naive (7d),2044.8799999999999,1612.85
2023-06-19,Astoria,Seasonal Naive (7d),2546.4300000000003,1637.1
2023-06-20,Astoria,Seasonal Naive (7d),1679.38,1670.95
2023-06-21,Astoria,Seasonal Naive (7d),1614.25,1671.11
2023-06-22,Astoria,Seasonal Naive (7d),1912.05,1794.85
2023-06-23,Astoria,Seasonal Naive (7d),1864.4,1915.45
2023-06-24,Astoria,Seasonal Naive (7d),2117.55,1661.05
2023-06-25,Astoria,Seasonal Naive (7d),1740.7,1612.85
2023-06-26,Astoria,Seasonal Naive (7d),1975.1,1637.1
2023-06-27,Astoria,Seasonal Naive (7d),1861.55,1670.95
2023-06-28,Astoria,Seasonal Naive (7d),1758.1,1671.11
2023-06-29,Astoria,Seasonal Naive (7d),1852.75,1794.85
2023-06-30,Astoria,Seasonal Naive (7d),1807.65,1915.45
2023-06-03,Astoria,Moving Average (7d),1953.5,1709.0514285714287
2023-06-04,Astoria,Moving Average (7d),1760.9,1709.0514285714287
2023-06-05,Astoria,Moving Average (7d),1842.45,1709.0514285714287
2023-06-06,Astoria,Moving Average (7d),1397.1,1709.0514285714287
2023-06-07,Astoria,Moving Average (7d),1555.55,1709.0514285714287
2023-06-08,Astoria,Moving Average (7d),2168.68,1709.0514285714287
2023-06-09,Astoria,Moving Average (7d),1518.48,1709.0514285714287
2023-06-10,Astoria,Moving Average (7d),1749.4499999999998,1709.0514285714287
2023-06-11,Astoria,Moving Average (7d),1703.65,1709.0514285714287
2023-06-12,Astoria,Moving Average (7d),1244.6,1709.0514285714287
2023-06-13,Astoria,Moving Average (7d),1439.45,1709.0514285714287
2023-06-14,Astoria,Moving Average (7d),1588.55,1709.0514285714287
2023-06-15,Astoria,Moving Average (7d),2373.21,1709.0514285714287
2023-06-16,Astoria,Moving Average (7d),2229.8,1709.0514285714287
2023-06-17,Astoria,Moving Average (7d),2072.65,1709.0514285714287
2023-06-18,Astoria,Moving Average (7d),2044.8799999999999,1709.0514285714287
2023-06-19,Astoria,Moving Average (7d),2546.4300000000003,1709.0514285714287
2023-06-20,Astoria,Moving Average (7d),1679.38,1709.0514285714287
2023-06-21,Astoria,Moving Average (7d),1614.25,1709.0514285714287
2023-06-22,Astoria,Moving Average (7d),1912.05,1709.0514285714287
2023-06-23,Astoria,Moving Average (7d),1864.4,1709.0514285714287
2023-06-24,Astoria,Moving Average (7d),2117.55,1709.0514285714287
2023-06-25,Astoria,Moving Average (7d),1740.7,1709.0514285714287
2023-06-26,Astoria,Moving Average (7d),1975.1,1709.0514285714287
2023-06-27,Astoria,Moving Average (7d),1861.55,1709.0514285714287
2023-06-28,Astoria,Moving Average (7d),1758.1,1709.0514285714287
2023-06-29,Astoria,Moving Average (7d),1852.75,1709.0514285714287
2023-06-30,Astoria,Moving Average (7d),1807.65,1709.0514285714287
2023-06-03,Hell's Kitchen,Naive,1612.8,1701.6
2023-06-04,Hell's Kitchen,Naive,1628.9,1701.6
2023-06-05,Hell's Kitchen,Naive,1531.7,1701.6
2023-06-06,Hell's Kitchen,Naive,1611.4,1701.6
2023-06-07,Hell's Kitchen,Naive,2045.5,1701.6
2023-06-08,Hell's Kitchen,Naive,2028.1100000000001,1701.6
2023-06-09,Hell's Kitchen,Naive,2189.6,1701.6
2023-06-10,Hell's Kitchen,Naive,1990.7,1701.6
2023-06-11,Hell's Kitchen,Naive,2002.53,1701.6
2023-06-12,Hell's Kitchen,Naive,2106.6,1701.6
2023-06-13,Hell's Kitchen,Naive,2534.8,1701.6
2023-06-14,Hell's Kitchen,Naive,2496.61,1701.6
2023-06-15,Hell's Kitchen,Naive,1788.18,1701.6
2023-06-16,Hell's Kitchen,Naive,1975.95,1701.6
2023-06-17,Hell's Kitchen,Naive,2320.1,1701.6
2023-06-18,Hell's Kitchen,Naive,2175.93,1701.6
2023-06-19,Hell's Kitchen,Naive,2124.08,1701.6
2023-06-20,Hell's Kitchen,Naive,1885.65,1701.6
2023-06-21,Hell's Kitchen,Naive,2303.83,1701.6
2023-06-22,Hell's Kitchen,Naive,1557.1,1701.6
2023-06-23,Hell's Kitchen,Naive,1984.08,1701.6
2023-06-24,Hell's Kitchen,Naive,1690.8,1701.6
2023-06-25,Hell's Kitchen,Naive,1769.2,1701.6
2023-06-26,Hell's Kitchen,Naive,1746.1,1701.6
2023-06-27,Hell's Kitchen,Naive,1676.7,1701.6
2023-06-28,Hell's Kitchen,Naive,1445.85,1701.6
2023-06-29,Hell's Kitchen,Naive,1298.55,1701.6
2023-06-30,Hell's Kitchen,Naive,1904.93,1701.6
2023-06-03,Hell's Kitchen,Seasonal Naive (7d),1612.8,1655.25
2023-06-04,Hell's Kitchen,Seasonal Naive (7d),1628.9,1264.75
2023-06-05,Hell's Kitchen,Seasonal Naive (7d),1531.7,1125.15
2023-06-06,Hell's Kitchen,Seasonal Naive (7d),1611.4,1432.5
2023-06-07,Hell's Kitchen,Seasonal Naive (7d),2045.5,1363.75
2023-06-08,Hell's Kitchen,Seasonal Naive (7d),2028.1100000000001,1829.2
2023-06-09,Hell's Kitchen,Seasonal Naive (7d),2189.6,1701.6
2023-06-10,Hell's Kitchen,Seasonal Naive (7d),1990.7,1655.25
2023-06-11,Hell's Kitchen,Seasonal Naive (7d),2002.53,1264.75
2023-06-12,Hell's Kitchen,Seasonal Naive (7d),2106.6,1125.15
2023-06-13,Hell's Kitchen,Seasonal Naive (7d),2534.8,1432.5
2023-06-14,Hell's Kitchen,Seasonal Naive (7d),2496.61,1363.75
2023-06-15,Hell's Kitchen,Seasonal Naive (7d),1788.18,1829.2
2023-06-16,Hell's Kitchen,Seasonal Naive (7d),1975.95,1701.6
2023-06-17,Hell's Kitchen,Seasonal Naive (7d),2320.1,1655.25
2023-06-18,Hell's Kitchen,Seasonal Naive (7d),2175.93,1264.75
2023-06-19,Hell's Kitchen,Seasonal Naive (7d),2124.08,1125.15
2023-06-20,Hell's Kitchen,Seasonal Naive (7d),1885.65,1432.5
2023-06-21,Hell's Kitchen,Seasonal Naive (7d),2303.83,1363.75
2023-06-22,Hell's Kitchen,Seasonal Naive (7d),1557.1,1829.2
2023-06-23,Hell's Kitchen,Seasonal Naive (7d),1984.08,1701.6
2023-06-24,Hell's Kitchen,Seasonal Naive (7d),1690.8,1655.25
2023-06-25,Hell's Kitchen,Seasonal Naive (7d),1769.2,1264.75
2023-06-26,Hell's Kitchen,Seasonal Naive (7d),1746.1,1125.15
2023-06-27,Hell's Kitchen,Seasonal Naive (7d),1676.7,1432.5
2023-06-28,Hell's Kitchen,Seasonal Naive (7d),1445.85,1363.75
2023-06-29,Hell's Kitchen,Seasonal Naive (7d),1298.55,1829.2
2023-06-30,Hell's Kitchen,Seasonal Naive (7d),1904.93,1701.6
2023-06-03,Hell's Kitchen,Moving Average (7d),1612.8,1481.7428571428572
2023-06-04,Hell's Kitchen,Moving Average (7d),1628.9,1481.7428571428572
2023-06-05,Hell's Kitchen,Moving Average (7d),1531.7,1481.7428571428572
2023-06-06,Hell's Kitchen,Moving Average (7d),1611.4,1481.7428571428572
2023-06-07,Hell's Kitchen,Moving Average (7d),2045.5,1481.7428571428572
2023-06-08,Hell's Kitchen,Moving Average (7d),2028.1100000000001,1481.7428571428572
2023-06-09,Hell's Kitchen,Moving Average (7d),2189.6,1481.7428571428572
2023-06-10,Hell's Kitchen,Moving Average (7d),1990.7,1481.7428571428572
2023-06-11,Hell's Kitchen,Moving Average (7d),2002.53,1481.7428571428572
2023-06-12,Hell's Kitchen,Moving Average (7d),2106.6,1481.7428571428572
2023-06-13,Hell's Kitchen,Moving Average (7d),2534.8,1481.7428571428572
2023-06-14,Hell's Kitchen,Moving Average (7d),2496.61,1481.7428571428572
2023-06-15,Hell's Kitchen,Moving Average (7d),1788.18,1481.7428571428572
2023-06-16,Hell's Kitchen,Moving Average (7d),1975.95,1481.7428571428572
2023-06-17,Hell's Kitchen,Moving Average (7d),2320.1,1481.7428571428572
2023-06-18,Hell's Kitchen,Moving Average (7d),2175.93,1481.7428571428572
2023-06-19,Hell's Kitchen,Moving Average (7d),2124.08,1481.7428571428572
2023-06-20,Hell's Kitchen,Moving Average (7d),1885.65,1481.7428571428572
2023-06-21,Hell's Kitchen,Moving Average (7d),2303.83,1481.7428571428572
2023-06-22,Hell's Kitchen,Moving Average (7d),1557.1,1481.7428571428572
2023-06-23,Hell's Kitchen,Moving Average (7d),1984.08,1481.7428571428572
2023-06-24,Hell's Kitchen,Moving Average (7d),1690.8,1481.7428571428572
2023-06-25,Hell's Kitchen,Moving Average (7d),1769.2,1481.7428571428572
2023-06-26,Hell's Kitchen,Moving Average (7d),1746.1,1481.7428571428572
2023-06-27,Hell's Kitchen,Moving Average (7d),1676.7,1481.7428571428572
2023-06-28,Hell's Kitchen,Moving Average (7d),1445.85,1481.7428571428572
2023-06-29,Hell's Kitchen,Moving Average (7d),1298.55,1481.7428571428572
2023-06-30,Hell's Kitchen,Moving Average (7d),1904.93,1481.7428571428572
2023-06-03,Lower Manhattan,Naive,1600.35,1439.45
2023-06-04,Lower Manhattan,Naive,1595.35,1439.45
2023-06-05,Lower Manhattan,Naive,1537.0,1439.45
2023-06-06,Lower Manhattan,Naive,1590.4,1439.45
2023-06-07,Lower Manhattan,Naive,1282.05,1439.45
2023-06-08,Lower Manhattan,Naive,1954.8,1439.45
2023-06-09,Lower Manhattan,Naive,2159.08,1439.45
2023-06-10,Lower Manhattan,Naive,1886.6,1439.45
2023-06-11,Lower Manhattan,Naive,1712.43,1439.45
2023-06-12,Lower Manhattan,Naive,1977.5,1439.45
2023-06-13,Lower Manhattan,Naive,2215.11,1439.45
2023-06-14,Lower Manhattan,Naive,1751.36,1439.45
2023-06-15,Lower Manhattan,Naive,1644.85,1439.45
2023-06-16,Lower Manhattan,Naive,1805.68,1439.45
2023-06-17,Lower Manhattan,Naive,1724.85,1439.45
2023-06-18,Lower Manhattan,Naive,1805.28,1439.45
2023-06-19,Lower Manhattan,Naive,1733.4,1439.45
2023-06-20,Lower Manhattan,Naive,1929.63,1439.45
2023-06-21,Lower Manhattan,Naive,1890.3,1439.45
2023-06-22,Lower Manhattan,Naive,2145.95,1439.45
2023-06-23,Lower Manhattan,Naive,1933.38,1439.45
2023-06-24,Lower Manhattan,Naive,2097.75,1439.45
2023-06-25,Lower Manhattan,Naive,2244.95,1439.45
2023-06-26,Lower Manhattan,Naive,2154.7,1439.45
2023-06-27,Lower Manhattan,Naive,2437.4,1439.45
2023-06-28,Lower Manhattan,Naive,1524.95,1439.45
2023-06-29,Lower Manhattan,Naive,1299.45,1439.45
2023-06-30,Lower Manhattan,Naive,1768.74,1439.45
2023-06-03,Lower Manhattan,Seasonal Naive (7d),1600.35,2242.85
2023-06-04,Lower Manhattan,Seasonal Naive (7d),1595.35,1461.05
2023-06-05,Lower Manhattan,Seasonal Naive (7d),1537.0,1197.25
2023-06-06,Lower Manhattan,Seasonal Naive (7d),1590.4,1732.03
2023-06-07,Lower Manhattan,Seasonal Naive (7d),1282.05,1649.27
2023-06-08,Lower Manhattan,Seasonal Naive (7d),1954.8,1602.95
2023-06-09,Lower Manhattan,Seasonal Naive (7d),2159.08,1439.45
2023-06-10,Lower Manhattan,Seasonal Naive (7d),1886.6,2242.85
2023-06-11,Lower Manhattan,Seasonal Naive (7d),1712.43,1461.05
2023-06-12,Lower Manhattan,Seasonal Naive (7d),1977.5,1197.25
2023-06-13,Lower Manhattan,Seasonal Naive (7d),2215.11,1732.03
2023-06-14,Lower Manhattan,Seasonal Naive (7d),1751.36,1649.27
2023-06-15,Lower Manhattan,Seasonal Naive (7d),1644.85,1602.95
2023-06-16,Lower Manhattan,Seasonal Naive (7d),1805.68,1439.45
2023-06-17,Lower Manhattan,Seasonal Naive (7d),1724.85,2242.85
2023-06-18,Lower Manhattan,Seasonal Naive (7d),1805.28,1461.05
2023-06-19,Lower Manhattan,Seasonal Naive (7d),1733.4,1197.25
2023-06-20,Lower Manhattan,Seasonal Naive (7d),1929.63,1732.03
2023-06-21,Lower Manhattan,Seasonal Naive (7d),1890.3,1649.27
2023-06-22,Lower Manhattan,Seasonal Naive (7d),2145.95,1602.95
2023-06-23,Lower Manhattan,Seasonal Naive (7d),1933.38,1439.45
2023-06-24,Lower Manhattan,Seasonal Naive (7d),2097.75,2242.85
2023-06-25,Lower Manhattan,Seasonal Naive (7d),2244.95,1461.05
2023-06-26,Lower Manhattan,Seasonal Naive (7d),2154.7,1197.25
2023-06-27,Lower Manhattan,Seasonal Naive (7d),2437.4,1732.03
2023-06-28,Lower Manhattan,Seasonal Naive (7d),1524.95,1649.27
2023-06-29,Lower Manhattan,Seasonal Naive (7d),1299.45,1602.95
2023-06-30,Lower Manhattan,Seasonal Naive (7d),1768.74,1439.45
2023-06-03,Lower Manhattan,Moving Average (7d),1600.35,1617.8357142857144
2023-06-04,Lower Manhattan,Moving Average (7d),1595.35,1617.8357142857144
2023-06-05,Lower Manhattan,Moving Average (7d),1537.0,1617.8357142857144
2023-06-06,Lower Manhattan,Moving Average (7d),1590.4,1617.8357142857144
2023-06-07,Lower Manhattan,Moving Average (7d),1282.05,1617.8357142857144
2023-06-08,Lower Manhattan,Moving Average (7d),1954.8,1617.8357142857144
2023-06-09,Lower Manhattan,Moving Average (7d),2159.08,1617.8357142857144
2023-06-10,Lower Manhattan,Moving Average (7d),1886.6,1617.8357142857144
2023-06-11,Lower Manhattan,Moving Average (7d),1712.43,1617.8357142857144
2023-06-12,Lower Manhattan,Moving Average (7d),1977.5,1617.8357142857144
2023-06-13,Lower Manhattan,Moving Average (7d),2215.11,1617.8357142857144
2023-06-14,Lower Manhattan,Moving Average (7d),1751.36,1617.8357142857144
2023-06-15,Lower Manhattan,Moving Average (7d),1644.85,1617.8357142857144
2023-06-16,Lower Manhattan,Moving Average (7d),1805.68,1617.8357142857144
2023-06-17,Lower Manhattan,Moving Average (7d),1724.85,1617.8357142857144
2023-06-18,Lower Manhattan,Moving Average (7d),1805.28,1617.8357142857144
2023-06-19,Lower Manhattan,Moving Average (7d),1733.4,1617.8357142857144
2023-06-20,Lower Manhattan,Moving Average (7d),1929.63,1617.8357142857144
2023-06-21,Lower Manhattan,Moving Average (7d),1890.3,1617.8357142857144
2023-06-22,Lower Manhattan,Moving Average (7d),2145.95,1617.8357142857144
2023-06-23,Lower Manhattan,Moving Average (7d),1933.38,1617.8357142857144
2023-06-24,Lower Manhattan,Moving Average (7d),2097.75,1617.8357142857144
2023-06-25,Lower Manhattan,Moving Average (7d),2244.95,1617.8357142857144
2023-06-26,Lower Manhattan,Moving Average (7d),2154.7,1617.8357142857144
2023-06-27,Lower Manhattan,Moving Average (7d),2437.4,1617.8357142857144
2023-06-28,Lower Manhattan,Moving Average (7d),1524.95,1617.8357142857144
2023-06-29,Lower Manhattan,Moving Average (7d),1299.45,1617.8357142857144
2023-06-30,Lower Manhattan,Moving Average (7d),1768.74,1617.8357142857144
2023-06-03,Astoria,Exp Smoothing,1953.5,1814.6104614964672
2023-06-04,Astoria,Exp Smoothing,1760.9,1857.850358858001
2023-06-05,Astoria,Exp Smoothing,1842.45,1882.2855977878112
2023-06-06,Astoria,Exp Smoothing,1397.1,1851.9318724522204
2023-06-07,Astoria,Exp Smoothing,1555.55,1960.9496488467096
2023-06-08,Astoria,Exp Smoothing,2168.68,1881.3275430724973
2023-06-09,Astoria,Exp Smoothing,1518.48,1892.897448175975
2023-06-10,Astoria,Exp Smoothing,1749.4499999999998,1879.9175289778873
2023-06-11,Astoria,Exp Smoothing,1703.65,1922.8308910020141
2023-06-12,Astoria,Exp Smoothing,1244.6,1946.941227271104
2023-06-13,Astoria,Exp Smoothing,1439.45,1916.2642237880968
2023-06-14,Astoria,Exp Smoothing,1588.55,2024.9603384259067
2023-06-15,Astoria,Exp Smoothing,2373.21,1945.0181792037986
2023-06-16,Astoria,Exp Smoothing,2229.8,1956.2696311266193
2023-06-17,Astoria,Exp Smoothing,2072.65,1942.9728510137786
2023-06-18,Astoria,Exp Smoothing,2044.8799999999999,1985.5709364277259
2023-06-19,Astoria,Exp Smoothing,2546.4300000000003,2009.3675724696875
2023-06-20,Astoria,Exp Smoothing,1679.38,1978.3784372606874
2023-06-21,Astoria,Exp Smoothing,1614.25,2086.763980831134
2023-06-22,Astoria,Exp Smoothing,1912.05,2006.5128033969997
2023-06-23,Astoria,Exp Smoothing,1864.4,2017.4567821988546
2023-06-24,Astoria,Exp Smoothing,2117.55,2003.8540663306528
2023-06-25,Astoria,Exp Smoothing,1740.7,2046.1477456680157
2023-06-26,Astoria,Exp Smoothing,1975.1,2069.641497663776
2023-06-27,Astoria,Exp Smoothing,1861.55,2038.3509928288054
2023-06-28,Astoria,Exp Smoothing,1758.1,2146.4366736214115
2023-06-29,Astoria,Exp Smoothing,1852.75,2065.8871327233255
2023-06-30,Astoria,Exp Smoothing,1807.65,2076.534239878549
2023-06-03,Astoria,SARIMA,1953.5,1763.0541109110547
2023-06-04,Astoria,SARIMA,1760.9,1711.774936168563
2023-06-05,Astoria,SARIMA,1842.45,1787.7537651070697
2023-06-06,Astoria,SARIMA,1397.1,1751.4096829878654
2023-06-07,Astoria,SARIMA,1555.55,1780.7371997216385
2023-06-08,Astoria,SARIMA,2168.68,1767.5112535691871
2023-06-09,Astoria,SARIMA,1518.48,1820.1631869648588
2023-06-10,Astoria,SARIMA,1749.4499999999998,1745.677803965607
2023-06-11,Astoria,SARIMA,1703.65,1723.826527862059
2023-06-12,Astoria,SARIMA,1244.6,1785.201880562061
2023-06-13,Astoria,SARIMA,1439.45,1761.7111917864154
2023-06-14,Astoria,SARIMA,1588.55,1784.0795167062402
2023-06-15,Astoria,SARIMA,2373.21,1775.027942282049
2023-06-16,Astoria,SARIMA,2229.8,1813.2817321305351
2023-06-17,Astoria,SARIMA,2072.65,1759.5607343530296
2023-06-18,Astoria,SARIMA,2044.8799999999999,1743.8131896437949
2023-06-19,Astoria,SARIMA,2546.4300000000003,1788.1710998794435
2023-06-20,Astoria,SARIMA,1679.38,1771.2071463757413
2023-06-21,Astoria,SARIMA,1614.25,1787.3703982373995
2023-06-22,Astoria,SARIMA,1912.05,1780.8322972208796
2023-06-23,Astoria,SARIMA,1864.4,1808.469671476293
2023-06-24,Astoria,SARIMA,2117.55,1769.6586523088647
2023-06-25,Astoria,SARIMA,1740.7,1758.2817868106838
2023-06-26,Astoria,SARIMA,1975.1,1790.3286317109498
2023-06-27,Astoria,SARIMA,1861.55,1778.0728775151067
2023-06-28,Astoria,SARIMA,1758.1,1789.7501832128282
2023-06-29,Astoria,SARIMA,1852.75,1785.0266721396079
2023-06-30,Astoria,SARIMA,1807.65,1804.9935623066663
2023-06-03,Astoria,Prophet,1953.5,1769.281435969826
2023-06-04,Astoria,Prophet,1760.9,1811.786179114058
2023-06-05,Astoria,Prophet,1842.45,1849.5524866455726
2023-06-06,Astoria,Prophet,1397.1,1812.5229450119177
2023-06-07,Astoria,Prophet,1555.55,1918.6511720494727
2023-06-08,Astoria,Prophet,2168.68,1835.7324884674704
2023-06-09,Astoria,Prophet,1518.48,1848.2717208473207
2023-06-10,Astoria,Prophet,1749.4499999999998,1836.3749772012497
2023-06-11,Astoria,Prophet,1703.65,1878.8797203458591
2023-06-12,Astoria,Prophet,1244.6,1916.6460278772058
2023-06-13,Astoria,Prophet,1439.45,1879.6164862433914
2023-06-14,Astoria,Prophet,1588.55,1985.744713281074
2023-06-15,Astoria,Prophet,2373.21,1902.8260296990493
2023-06-16,Astoria,Prophet,2229.8,1915.365262079051
2023-06-17,Astoria,Prophet,2072.65,1903.4685184329282
2023-06-18,Astoria,Prophet,2044.8799999999999,1945.9732615774064
2023-06-19,Astoria,Prophet,2546.4300000000003,1983.739569108875
2023-06-20,Astoria,Prophet,1679.38,1946.71002747498
2023-06-21,Astoria,Prophet,1614.25,2052.8382545126765
2023-06-22,Astoria,Prophet,1912.05,1969.9195709305138
2023-06-23,Astoria,Prophet,1864.4,1982.4588033105765
2023-06-24,Astoria,Prophet,2117.55,1970.5620596644562
2023-06-25,Astoria,Prophet,1740.7,2013.0668028089538
2023-06-26,Astoria,Prophet,1975.1,2050.833110340508
2023-06-27,Astoria,Prophet,1861.55,2013.8035687066808
2023-06-28,Astoria,Prophet,1758.1,2119.931795744278
2023-06-29,Astoria,Prophet,1852.75,2037.0131121620927
2023-06-30,Astoria,Prophet,1807.65,2049.552344542102
2023-06-03,Hell's Kitchen,Exp Smoothing,1612.8,1629.9137393380672
2023-06-04,Hell's Kitchen,Exp Smoothing,1628.9,1642.017508491657
2023-06-05,Hell's Kitchen,Exp Smoothing,1531.7,1629.2560723394076
2023-06-06,Hell's Kitchen,Exp Smoothing,1611.4,1684.1451240895276
2023-06-07,Hell's Kitchen,Exp Smoothing,2045.5,1607.180136720912
2023-06-08,Hell's Kitchen,Exp Smoothing,2028.1100000000001,1664.473538377988
2023-06-09,Hell's Kitchen,Exp Smoothing,2189.6,1657.579067499414
2023-06-10,Hell's Kitchen,Exp Smoothing,1990.7,1652.1776845337763
2023-06-11,Hell's Kitchen,Exp Smoothing,2002.53,1664.1701339613878
2023-06-12,Hell's Kitchen,Exp Smoothing,2106.6,1651.2979346817897
2023-06-13,Hell's Kitchen,Exp Smoothing,2534.8,1706.076777120198
2023-06-14,Hell's Kitchen,Exp Smoothing,2496.61,1629.0021314864289
2023-06-15,Hell's Kitchen,Exp Smoothing,1788.18,1686.1864231696773
2023-06-16,Hell's Kitchen,Exp Smoothing,1975.95,1679.1833878671448
2023-06-17,Hell's Kitchen,Exp Smoothing,2320.1,1673.6739832996684
2023-06-18,Hell's Kitchen,Exp Smoothing,2175.93,1685.5589512334504
2023-06-19,Hell's Kitchen,Exp Smoothing,2124.08,1672.5798078674918
2023-06-20,Hell's Kitchen,Exp Smoothing,1885.65,1727.2522409399717
2023-06-21,Hell's Kitchen,Exp Smoothing,2303.83,1650.0717179871037
2023-06-22,Hell's Kitchen,Exp Smoothing,1557.1,1707.1506617378488
2023-06-23,Hell's Kitchen,Exp Smoothing,1984.08,1700.0428052424754
2023-06-24,Hell's Kitchen,Exp Smoothing,1690.8,1694.4291035881224
2023-06-25,Hell's Kitchen,Exp Smoothing,1769.2,1706.2102959204622
2023-06-26,Hell's Kitchen,Exp Smoothing,1746.1,1693.1278958310686
2023-06-27,Hell's Kitchen,Exp Smoothing,1676.7,1747.6975884637304
2023-06-28,Hell's Kitchen,Exp Smoothing,1445.85,1670.414838773244
2023-06-29,Hell's Kitchen,Exp Smoothing,1298.55,1727.3920669200581
2023-06-30,Hell's Kitchen,Exp Smoothing,1904.93,1720.1830033987737
2023-06-03,Hell's Kitchen,SARIMA,1612.8,1632.2491692370472
2023-06-04,Hell's Kitchen,SARIMA,1628.9,1564.0154757502037
2023-06-05,Hell's Kitchen,SARIMA,1531.7,1556.9620584405861
2023-06-06,Hell's Kitchen,SARIMA,1611.4,1593.217417254207
2023-06-07,Hell's Kitchen,SARIMA,2045.5,1591.0363573333032
2023-06-08,Hell's Kitchen,SARIMA,2028.1100000000001,1656.292531026607
2023-06-09,Hell's Kitchen,SARIMA,2189.6,1640.2870075032436
2023-06-10,Hell's Kitchen,SARIMA,1990.7,1626.1895340046706
2023-06-11,Hell's Kitchen,SARIMA,2002.53,1627.7465526581339
2023-06-12,Hell's Kitchen,SARIMA,2106.6,1627.95080682874
2023-06-13,Hell's Kitchen,SARIMA,2534.8,1626.5815128277711
2023-06-14,Hell's Kitchen,SARIMA,2496.61,1626.6634374782263
2023-06-15,Hell's Kitchen,SARIMA,1788.18,1624.2055273618435
2023-06-16,Hell's Kitchen,SARIMA,1975.95,1624.8083801309483
2023-06-17,Hell's Kitchen,SARIMA,2320.1,1625.339366312972
2023-06-18,Hell's Kitchen,SARIMA,2175.93,1625.2807206619248
2023-06-19,Hell's Kitchen,SARIMA,2124.08,1625.2730273575107
2023-06-20,Hell's Kitchen,SARIMA,1885.65,1625.3246022913052
2023-06-21,Hell's Kitchen,SARIMA,2303.83,1625.3215165709105
2023-06-22,Hell's Kitchen,SARIMA,1557.1,1625.4140946085436
2023-06-23,Hell's Kitchen,SARIMA,1984.08,1625.391387949755
2023-06-24,Hell's Kitchen,SARIMA,1690.8,1625.3713881709125
2023-06-25,Hell's Kitchen,SARIMA,1769.2,1625.373597079714
2023-06-26,Hell's Kitchen,SARIMA,1746.1,1625.373886850695
2023-06-27,Hell's Kitchen,SARIMA,1676.7,1625.3719442629128
2023-06-28,Hell's Kitchen,SARIMA,1445.85,1625.3720604876426
2023-06-29,Hell's Kitchen,SARIMA,1298.55,1625.3685735037227
2023-06-30,Hell's Kitchen,SARIMA,1904.93,1625.3694287579071
2023-06-03,Hell's Kitchen,Prophet,1612.8,1733.2232364585827
2023-06-04,Hell's Kitchen,Prophet,1628.9,1751.5029982263575
2023-06-05,Hell's Kitchen,Prophet,1531.7,1742.3486647544912
2023-06-06,Hell's Kitchen,Prophet,1611.4,1801.14714212204
2023-06-07,Hell's Kitchen,Prophet,2045.5,1726.8723350837804
2023-06-08,Hell's Kitchen,Prophet,2028.1100000000001,1788.00584533098
2023-06-09,Hell's Kitchen,Prophet,2189.6,1784.3153699949091
2023-06-10,Hell's Kitchen,Prophet,1990.7,1786.5799028731287
2023-06-11,Hell's Kitchen,Prophet,2002.53,1804.8596646406295
2023-06-12,Hell's Kitchen,Prophet,2106.6,1795.705331168881
2023-06-13,Hell's Kitchen,Prophet,2534.8,1854.5038085365227
2023-06-14,Hell's Kitchen,Prophet,2496.61,1780.229001498184
2023-06-15,Hell's Kitchen,Prophet,1788.18,1841.3625117453648
2023-06-16,Hell's Kitchen,Prophet,1975.95,1837.6720364091618
2023-06-17,Hell's Kitchen,Prophet,2320.1,1839.9365692874674
2023-06-18,Hell's Kitchen,Prophet,2175.93,1858.2163310550804
2023-06-19,Hell's Kitchen,Prophet,2124.08,1849.06199758319
2023-06-20,Hell's Kitchen,Prophet,1885.65,1907.8604749509127
2023-06-21,Hell's Kitchen,Prophet,2303.83,1833.5856679125218
2023-06-22,Hell's Kitchen,Prophet,1557.1,1894.7191781598951
2023-06-23,Hell's Kitchen,Prophet,1984.08,1891.0287028236103
2023-06-24,Hell's Kitchen,Prophet,1690.8,1893.2932357018892
2023-06-25,Hell's Kitchen,Prophet,1769.2,1911.572997469531
2023-06-26,Hell's Kitchen,Prophet,1746.1,1902.4186639975794
2023-06-27,Hell's Kitchen,Prophet,1676.7,1961.217141365276
2023-06-28,Hell's Kitchen,Prophet,1445.85,1886.9423343269252
2023-06-29,Hell's Kitchen,Prophet,1298.55,1948.07584457428
2023-06-30,Hell's Kitchen,Prophet,1904.93,1944.385369238059
2023-06-03,Lower Manhattan,Exp Smoothing,1600.35,1597.6202288364193
2023-06-04,Lower Manhattan,Exp Smoothing,1595.35,1530.9002754269688
2023-06-05,Lower Manhattan,Exp Smoothing,1537.0,1640.5304661099956
2023-06-06,Lower Manhattan,Exp Smoothing,1590.4,1533.2180697068848
2023-06-07,Lower Manhattan,Exp Smoothing,1282.05,1583.6263739337269
2023-06-08,Lower Manhattan,Exp Smoothing,1954.8,1595.452491415079
2023-06-09,Lower Manhattan,Exp Smoothing,2159.08,1564.7299742914286
2023-06-10,Lower Manhattan,Exp Smoothing,1886.6,1620.9930062058086
2023-06-11,Lower Manhattan,Exp Smoothing,1712.43,1554.156188909511
2023-06-12,Lower Manhattan,Exp Smoothing,1977.5,1663.670100025125
2023-06-13,Lower Manhattan,Exp Smoothing,2215.11,1556.2420054524387
2023-06-14,Lower Manhattan,Exp Smoothing,1751.36,1606.5351900005528
2023-06-15,Lower Manhattan,Exp Smoothing,1644.85,1618.2467634015711
2023-06-16,Lower Manhattan,Exp Smoothing,1805.68,1587.4102749179879
2023-06-17,Lower Manhattan,Exp Smoothing,1724.85,1643.559905329235
2023-06-18,Lower Manhattan,Exp Smoothing,1805.28,1576.6102535373204
2023-06-19,Lower Manhattan,Exp Smoothing,1733.4,1686.0118943297955
2023-06-20,Lower Manhattan,Exp Smoothing,1929.63,1578.4720907855858
2023-06-21,Lower Manhattan,Exp Smoothing,1890.3,1628.6541249070342
2023-06-22,Lower Manhattan,Exp Smoothing,2145.95,1640.25510363352
2023-06-23,Lower Manhattan,Exp Smoothing,1933.38,1609.3085734487772
2023-06-24,Lower Manhattan,Exp Smoothing,2097.75,1665.3487123673706
2023-06-25,Lower Manhattan,Exp Smoothing,2244.95,1598.2901165402652
2023-06-26,Lower Manhattan,Exp Smoothing,2154.7,1707.5833580177255
2023-06-27,Lower Manhattan,Exp Smoothing,2437.4,1599.935697155076
2023-06-28,Lower Manhattan,Exp Smoothing,1524.95,1650.010413244677
2023-06-29,Lower Manhattan,Exp Smoothing,1299.45,1661.5046105294748
2023-06-30,Lower Manhattan,Exp Smoothing,1768.74,1630.451832810252
2023-06-03,Lower Manhattan,SARIMA,1600.35,1582.6424508615428
2023-06-04,Lower Manhattan,SARIMA,1595.35,1703.7401283442493
2023-06-05,Lower Manhattan,SARIMA,1537.0,1833.6332643647247
2023-06-06,Lower Manhattan,SARIMA,1590.4,1696.203533075894
2023-06-07,Lower Manhattan,SARIMA,1282.05,1716.7216762421951
2023-06-08,Lower Manhattan,SARIMA,1954.8,1718.6132371844872
2023-06-09,Lower Manhattan,SARIMA,2159.08,1730.2669361223336
2023-06-10,Lower Manhattan,SARIMA,1886.6,1724.826231118206
2023-06-11,Lower Manhattan,SARIMA,1712.43,1639.4621071014274
2023-06-12,Lower Manhattan,SARIMA,1977.5,1531.5757982245404
2023-06-13,Lower Manhattan,SARIMA,2215.11,1648.990069459002
2023-06-14,Lower Manhattan,SARIMA,1751.36,1631.5842159075175
2023-06-15,Lower Manhattan,SARIMA,1644.85,1629.9833373833908
2023-06-16,Lower Manhattan,SARIMA,1805.68,1620.0632182833622
2023-06-17,Lower Manhattan,SARIMA,1724.85,1624.6954741606714
2023-06-18,Lower Manhattan,SARIMA,1805.28,1697.3716768685626
2023-06-19,Lower Manhattan,SARIMA,1733.4,1789.2224883193494
2023-06-20,Lower Manhattan,SARIMA,1929.63,1689.2598932955532
2023-06-21,Lower Manhattan,SARIMA,1890.3,1704.0786567972232
2023-06-22,Lower Manhattan,SARIMA,2145.95,1705.441591415653
2023-06-23,Lower Manhattan,SARIMA,1933.38,1713.8872500721582
2023-06-24,Lower Manhattan,SARIMA,2097.75,1709.9435018632976
2023-06-25,Lower Manhattan,SARIMA,2244.95,1648.0694059848317
2023-06-26,Lower Manhattan,SARIMA,2154.7,1569.8706875257988
2023-06-27,Lower Manhattan,SARIMA,2437.4,1654.9755080628452
2023-06-28,Lower Manhattan,SARIMA,1524.95,1642.3593068918942
2023-06-29,Lower Manhattan,SARIMA,1299.45,1641.198949799548
2023-06-30,Lower Manhattan,SARIMA,1768.74,1634.0085976072314
2023-06-03,Lower Manhattan,Prophet,1600.35,1805.5006851555645
2023-06-04,Lower Manhattan,Prophet,1595.35,1742.9174405112649
2023-06-05,Lower Manhattan,Prophet,1537.0,1858.1559235030902
2023-06-06,Lower Manhattan,Prophet,1590.4,1753.4971349424995
2023-06-07,Lower Manhattan,Prophet,1282.05,1811.719639586851
2023-06-08,Lower Manhattan,Prophet,1954.8,1826.4940069796726
2023-06-09,Lower Manhattan,Prophet,2159.08,1800.1694449742904
2023-06-10,Lower Manhattan,Prophet,1886.6,1868.7492735617257
2023-06-11,Lower Manhattan,Prophet,1712.43,1806.166028917638
2023-06-12,Lower Manhattan,Prophet,1977.5,1921.4045119093673
2023-06-13,Lower Manhattan,Prophet,2215.11,1816.7457233489606
2023-06-14,Lower Manhattan,Prophet,1751.36,1874.9682279930976
2023-06-15,Lower Manhattan,Prophet,1644.85,1889.742595386081
2023-06-16,Lower Manhattan,Prophet,1805.68,1863.4180333808397
2023-06-17,Lower Manhattan,Prophet,1724.85,1931.9978619680928
2023-06-18,Lower Manhattan,Prophet,1805.28,1869.4146173239603
2023-06-19,Lower Manhattan,Prophet,1733.4,1984.6531003157104
2023-06-20,Lower Manhattan,Prophet,1929.63,1879.9943117553141
2023-06-21,Lower Manhattan,Prophet,1890.3,1938.2168163996923
2023-06-22,Lower Manhattan,Prophet,2145.95,1952.9911837921184
2023-06-23,Lower Manhattan,Prophet,1933.38,1926.666621787069
2023-06-24,Lower Manhattan,Prophet,2097.75,1995.24645037443
2023-06-25,Lower Manhattan,Prophet,2244.95,1932.6632057302816
2023-06-26,Lower Manhattan,Prophet,2154.7,2047.9016887219873
2023-06-27,Lower Manhattan,Prophet,2437.4,1943.2429001614119
2023-06-28,Lower Manhattan,Prophet,1524.95,2001.465404805939
2023-06-29,Lower Manhattan,Prophet,1299.45,2016.2397721985265
2023-06-30,Lower Manhattan,Prophet,1768.74,1989.9152101932984
2023-06-03,Astoria,Gradient Boosting,1953.5,1777.1755226169485
2023-06-04,Astoria,Gradient Boosting,1760.9,1864.219171100907
2023-06-05,Astoria,Gradient Boosting,1842.45,1808.7521914330446
2023-06-06,Astoria,Gradient Boosting,1397.1,1778.1174177994108
2023-06-07,Astoria,Gradient Boosting,1555.55,1777.2079792038214
2023-06-08,Astoria,Gradient Boosting,2168.68,1749.5022798710645
2023-06-09,Astoria,Gradient Boosting,1518.48,1799.7946891308623
2023-06-10,Astoria,Gradient Boosting,1749.4499999999998,1746.1156283586793
2023-06-11,Astoria,Gradient Boosting,1703.65,1814.6011685664773
2023-06-12,Astoria,Gradient Boosting,1244.6,1820.1549249064133
2023-06-13,Astoria,Gradient Boosting,1439.45,1711.6963988862653
2023-06-14,Astoria,Gradient Boosting,1588.55,1665.3602700032272
2023-06-15,Astoria,Gradient Boosting,2373.21,1665.3602700032272
2023-06-16,Astoria,Gradient Boosting,2229.8,1600.2582586257433
2023-06-17,Astoria,Gradient Boosting,2072.65,1628.7743625990834
2023-06-18,Astoria,Gradient Boosting,2044.8799999999999,1687.6892684650145
2023-06-19,Astoria,Gradient Boosting,2546.4300000000003,1727.6192320538232
2023-06-20,Astoria,Gradient Boosting,1679.38,1649.5574649310572
2023-06-21,Astoria,Gradient Boosting,1614.25,1633.2965000021384
2023-06-22,Astoria,Gradient Boosting,1912.05,1659.7085571231298
2023-06-23,Astoria,Gradient Boosting,1864.4,1672.1177262756576
2023-06-24,Astoria,Gradient Boosting,2117.55,1725.3410500945408
2023-06-25,Astoria,Gradient Boosting,1740.7,1637.8001535767564
2023-06-26,Astoria,Gradient Boosting,1975.1,1638.9456941637798
2023-06-27,Astoria,Gradient Boosting,1861.55,1674.9575751032808
2023-06-28,Astoria,Gradient Boosting,1758.1,1582.9229673586003
2023-06-29,Astoria,Gradient Boosting,1852.75,1656.6688963012332
2023-06-30,Astoria,Gradient Boosting,1807.65,1646.866487566512
2023-06-03,Hell's Kitchen,Gradient Boosting,1612.8,1603.4022508745818
2023-06-04,Hell's Kitchen,Gradient Boosting,1628.9,1571.7726814722773
2023-06-05,Hell's Kitchen,Gradient Boosting,1531.7,1627.3766251332322
2023-06-06,Hell's Kitchen,Gradient Boosting,1611.4,1623.3839310091182
2023-06-07,Hell's Kitchen,Gradient Boosting,2045.5,1626.9348338152834
2023-06-08,Hell's Kitchen,Gradient Boosting,2028.1100000000001,1680.1922397387882
2023-06-09,Hell's Kitchen,Gradient Boosting,2189.6,1612.8916335781648
2023-06-10,Hell's Kitchen,Gradient Boosting,1990.7,1684.3761636232118
2023-06-11,Hell's Kitchen,Gradient Boosting,2002.53,1653.0799715460623
2023-06-12,Hell's Kitchen,Gradient Boosting,2106.6,1764.8578661923104
2023-06-13,Hell's Kitchen,Gradient Boosting,2534.8,1754.3771785611195
2023-06-14,Hell's Kitchen,Gradient Boosting,2496.61,1831.7835276361168
2023-06-15,Hell's Kitchen,Gradient Boosting,1788.18,1737.6899360778416
2023-06-16,Hell's Kitchen,Gradient Boosting,1975.95,1817.034540549689
2023-06-17,Hell's Kitchen,Gradient Boosting,2320.1,1721.152050376043
2023-06-18,Hell's Kitchen,Gradient Boosting,2175.93,1738.1591383792388
2023-06-19,Hell's Kitchen,Gradient Boosting,2124.08,1720.5406934775804
2023-06-20,Hell's Kitchen,Gradient Boosting,1885.65,1703.0577796093128
2023-06-21,Hell's Kitchen,Gradient Boosting,2303.83,1753.23186373784
2023-06-22,Hell's Kitchen,Gradient Boosting,1557.1,1721.0954271574076
2023-06-23,Hell's Kitchen,Gradient Boosting,1984.08,1782.6127856927294
2023-06-24,Hell's Kitchen,Gradient Boosting,1690.8,1715.7628851137695
2023-06-25,Hell's Kitchen,Gradient Boosting,1769.2,1660.7284800951054
2023-06-26,Hell's Kitchen,Gradient Boosting,1746.1,1703.7016322475067
2023-06-27,Hell's Kitchen,Gradient Boosting,1676.7,1604.0670076590166
2023-06-28,Hell's Kitchen,Gradient Boosting,1445.85,1593.700503753028
2023-06-29,Hell's Kitchen,Gradient Boosting,1298.55,1612.1903859779604
2023-06-30,Hell's Kitchen,Gradient Boosting,1904.93,1587.7635205982813
2023-06-03,Lower Manhattan,Gradient Boosting,1600.35,1509.3674774819006
2023-06-04,Lower Manhattan,Gradient Boosting,1595.35,1499.4951342932034
2023-06-05,Lower Manhattan,Gradient Boosting,1537.0,1523.9096695716626
2023-06-06,Lower Manhattan,Gradient Boosting,1590.4,1433.0899550435083
2023-06-07,Lower Manhattan,Gradient Boosting,1282.05,1490.210648799515
2023-06-08,Lower Manhattan,Gradient Boosting,1954.8,1491.9220868066325
2023-06-09,Lower Manhattan,Gradient Boosting,2159.08,1474.2150713352514
2023-06-10,Lower Manhattan,Gradient Boosting,1886.6,1362.2554317101187
2023-06-11,Lower Manhattan,Gradient Boosting,1712.43,1459.6766311377355
2023-06-12,Lower Manhattan,Gradient Boosting,1977.5,1440.7192079887966
2023-06-13,Lower Manhattan,Gradient Boosting,2215.11,1517.625699879791
2023-06-14,Lower Manhattan,Gradient Boosting,1751.36,1439.1127508110567
2023-06-15,Lower Manhattan,Gradient Boosting,1644.85,1470.814364305191
2023-06-16,Lower Manhattan,Gradient Boosting,1805.68,1345.7111288016174
2023-06-17,Lower Manhattan,Gradient Boosting,1724.85,1414.2866925658682
2023-06-18,Lower Manhattan,Gradient Boosting,1805.28,1417.4831282224268
2023-06-19,Lower Manhattan,Gradient Boosting,1733.4,1505.1427180087628
2023-06-20,Lower Manhattan,Gradient Boosting,1929.63,1491.2565714033724
2023-06-21,Lower Manhattan,Gradient Boosting,1890.3,1479.3411481952612
2023-06-22,Lower Manhattan,Gradient Boosting,2145.95,1302.1190403062974
2023-06-23,Lower Manhattan,Gradient Boosting,1933.38,1391.5854354375008
2023-06-24,Lower Manhattan,Gradient Boosting,2097.75,1414.2866925658682
2023-06-25,Lower Manhattan,Gradient Boosting,2244.95,1406.4948786158013
2023-06-26,Lower Manhattan,Gradient Boosting,2154.7,1505.1427180087628
2023-06-27,Lower Manhattan,Gradient Boosting,2437.4,1491.2565714033724
2023-06-28,Lower Manhattan,Gradient Boosting,1524.95,1479.3411481952612
2023-06-29,Lower Manhattan,Gradient Boosting,1299.45,1295.4184102887282
2023-06-30,Lower Manhattan,Gradient Boosting,1768.74,1391.5854354375008
