date,store,sarima,prophet,prophet_lower,prophet_upper,ensemble,horizon
2023-07-01,Astoria,1904.946993798687,1963.3635363735818,1531.3714823767855,2375.0765409660876,1934.1552650861345,Short-term (1-7d)
2023-07-02,Astoria,1838.7720274956162,1973.5075106586503,1544.5362103311645,2381.25827745744,1906.1397690771332,Short-term (1-7d)
2023-07-03,Astoria,1929.4009396653023,2018.3708608913269,1595.884606964152,2418.148845466609,1973.8859002783147,Short-term (1-7d)
2023-07-04,Astoria,1816.5960915297408,1938.3999432857406,1507.3552961580042,2339.425619811842,1877.4980174077407,Short-term (1-7d)
2023-07-05,Astoria,1804.6985537933563,2033.0247900409724,1614.5355961446194,2426.269633180014,1918.8616719171644,Short-term (1-7d)
2023-07-06,Astoria,1912.1967927831158,2030.2302010669505,1610.3086834758637,2448.6874195370447,1971.2134969250333,Short-term (1-7d)
2023-07-07,Astoria,1876.5302796289857,2005.7451569070224,1581.6852835560755,2413.5521651009967,1941.137718268004,Short-term (1-7d)
2023-07-08,Astoria,1917.9820627328054,2019.889995046317,1608.8169926662324,2447.1138778400223,1968.9360288895612,Medium-term (8-30d)
2023-07-09,Astoria,1859.8414519812104,2030.0339693314959,1609.5227370667355,2477.4693388741193,1944.9377106563531,Medium-term (8-30d)
2023-07-10,Astoria,1920.4096824202127,2074.8973195643407,1645.6211839274958,2472.5518811611137,1997.6535009922768,Medium-term (8-30d)
2023-07-11,Astoria,1838.178489535909,1994.9264019586112,1562.3926313330178,2411.7406273658607,1916.5524457472602,Medium-term (8-30d)
2023-07-12,Astoria,1829.0498467285795,2089.5512487138376,1674.3398043096954,2510.4270796340084,1959.3005477212087,Medium-term (8-30d)
2023-07-13,Astoria,1905.625317135441,2086.7566597399127,1682.6511324966973,2523.801716362656,1996.1909884376769,Medium-term (8-30d)
2023-07-14,Astoria,1880.0445650941315,2062.2716155797984,1658.9114008107472,2494.823136930191,1971.158090336965,Medium-term (8-30d)
2023-07-15,Astoria,1909.6296139480983,2076.41645371924,1659.4185515395122,2497.533934179958,1993.0230338336692,Medium-term (8-30d)
2023-07-16,Astoria,1868.0686274461686,2086.560428004248,1654.5128649638862,2556.4162060907215,1977.3145277252083,Medium-term (8-30d)
2023-07-17,Astoria,1911.3449819241434,2131.4237782371747,1688.164599643216,2546.052734832911,2021.384380080659,Medium-term (8-30d)
2023-07-18,Astoria,1852.5808825663469,2051.452860631429,1636.5174450065872,2452.3999931842936,1952.016871598888,Medium-term (8-30d)
2023-07-19,Astoria,1846.0567910498391,2146.0777073868394,1693.2625771385206,2568.3279691613957,1996.0672492183394,Medium-term (8-30d)
2023-07-20,Astoria,1900.776936288938,2143.283118412801,1713.9372622112421,2573.405423675614,2022.0300273508694,Medium-term (8-30d)
2023-07-21,Astoria,1882.4969349894734,2118.798074252757,1718.316028140378,2534.8449061222723,2000.6475046211153,Medium-term (8-30d)
2023-07-22,Astoria,1903.6382198903466,2132.942912392163,1704.693821849884,2562.0976790881164,2018.2905661412549,Medium-term (8-30d)
2023-07-23,Astoria,1873.9389236892225,2143.0868866770934,1746.5916688442826,2568.4487194654944,2008.512905183158,Medium-term (8-30d)
2023-07-24,Astoria,1904.8639884712697,2187.950236909968,1780.522998171053,2624.988759239125,2046.407112690619,Medium-term (8-30d)
2023-07-25,Astoria,1862.8714471018272,2107.9793193042988,1688.972016979887,2514.039549006892,1985.4253832030631,Medium-term (8-30d)
2023-07-26,Astoria,1858.2093620954752,2202.604166059704,1780.4380132050915,2618.069439492106,2030.4067640775895,Medium-term (8-30d)
2023-07-27,Astoria,1897.3121104862669,2199.8095770856885,1761.9367858302471,2612.8015115283147,2048.560843785978,Medium-term (8-30d)
2023-07-28,Astoria,1884.2493105951762,2175.3245329255324,1792.4049362845503,2603.886943934683,2029.7869217603543,Medium-term (8-30d)
2023-07-29,Astoria,1899.3567695711026,2189.469371064898,1767.4899689025433,2595.7301946380576,2044.4130703180003,Medium-term (8-30d)
2023-07-30,Astoria,1878.1337973934938,2199.6133453499388,1762.7499091312568,2629.0496174612485,2038.8735713717163,Medium-term (8-30d)
2023-07-01,Hell's Kitchen,1607.384982656409,1978.9783226522873,1471.6949795393227,2453.3441162068443,1793.181652654348,Short-term (1-7d)
2023-07-02,Hell's Kitchen,1624.5060543276638,1993.824638436276,1507.880155987597,2468.3386707852883,1809.1653463819698,Short-term (1-7d)
2023-07-03,Hell's Kitchen,1625.1357289236096,1983.457644537505,1473.508161181871,2454.8581155714046,1804.2966867305572,Short-term (1-7d)
2023-07-04,Hell's Kitchen,1632.113421413817,2040.029056093051,1540.1572946111198,2535.105095113945,1836.071238753434,Short-term (1-7d)
2023-07-05,Hell's Kitchen,1564.927496512484,2000.1727544980201,1494.339998673084,2457.117735530135,1782.550125505252,Short-term (1-7d)
2023-07-06,Hell's Kitchen,1567.7728467474635,1989.1888087641682,1521.8798110335426,2425.399556888319,1778.4808277558159,Short-term (1-7d)
2023-07-07,Hell's Kitchen,1657.241015978196,2038.7677104763907,1563.6763612220436,2575.897285372003,1848.0043632272932,Short-term (1-7d)
2023-07-08,Hell's Kitchen,1625.0992677624336,2033.43179748159,1521.5026145184024,2523.6994130878998,1829.2655326220117,Medium-term (8-30d)
2023-07-09,Hell's Kitchen,1621.8635276225377,2048.278113265537,1543.9996918670508,2540.9409837128605,1835.0708204440373,Medium-term (8-30d)
2023-07-10,Hell's Kitchen,1621.7667778769858,2037.9111193666718,1570.5830665459623,2531.2049426209305,1829.8389486218289,Medium-term (8-30d)
2023-07-11,Hell's Kitchen,1620.971443676013,2094.482530922296,1635.4170860047375,2550.5118483571696,1857.7269872991546,Medium-term (8-30d)
2023-07-12,Hell's Kitchen,1628.6247579620401,2054.6262293272807,1549.9022484435393,2534.5300889527475,1841.6254936446603,Medium-term (8-30d)
2023-07-13,Hell's Kitchen,1628.3006365182882,2043.6422835933754,1574.02774630132,2546.7160964972745,1835.9714600558318,Medium-term (8-30d)
2023-07-14,Hell's Kitchen,1618.109084236711,2093.2211853057056,1610.3362673839542,2530.6939300080394,1855.6651347712082,Medium-term (8-30d)
2023-07-15,Hell's Kitchen,1621.7704345253899,2087.88527231083,1561.0862731841219,2547.676598702364,1854.82785341811,Medium-term (8-30d)
2023-07-16,Hell's Kitchen,1622.1390261158645,2102.731588094848,1571.8973532984717,2558.604595853827,1862.4353071053563,Medium-term (8-30d)
2023-07-17,Hell's Kitchen,1622.1500471314744,2092.364594195972,1638.2092825196546,2566.3371550102374,1857.2573206637232,Medium-term (8-30d)
2023-07-18,Hell's Kitchen,1622.2406457226534,2148.9360057516265,1664.6764726390916,2601.773979475024,1885.58832573714,Medium-term (8-30d)
2023-07-19,Hell's Kitchen,1621.3688367506297,2109.0797041564288,1631.1731573316856,2591.731109037563,1865.2242704535292,Medium-term (8-30d)
2023-07-20,Hell's Kitchen,1621.4057582688279,2098.095758422623,1619.4964114863456,2561.331902766797,1859.7507583457254,Medium-term (8-30d)
2023-07-21,Hell's Kitchen,1622.5667045446328,2147.6746601348814,1669.7738962084352,2603.7714567718613,1885.120682339757,Medium-term (8-30d)
2023-07-22,Hell's Kitchen,1622.1496305931266,2142.33874714007,1646.4272773152338,2616.9896804699533,1882.2441888665985,Medium-term (8-30d)
2023-07-23,Hell's Kitchen,1622.1076433646424,2157.185062924109,1661.2614396182184,2653.445175519799,1889.6463531443756,Medium-term (8-30d)
2023-07-24,Hell's Kitchen,1622.1063879320377,2146.8180690252325,1698.7594025149624,2618.743743228155,1884.462228478635,Medium-term (8-30d)
2023-07-25,Hell's Kitchen,1622.09606761045,2203.3894805808713,1765.0131574335546,2698.6077039871866,1912.7427740956607,Medium-term (8-30d)
2023-07-26,Hell's Kitchen,1622.1953776420646,2163.5331789856896,1693.9223380893181,2613.2080156185157,1892.864278313877,Medium-term (8-30d)
2023-07-27,Hell's Kitchen,1622.1911718157228,2152.5492332518706,1664.8573732819086,2656.537015438351,1887.3702025337966,Medium-term (8-30d)
2023-07-28,Hell's Kitchen,1622.0589254004499,2202.1281349641968,1695.1194693425773,2711.7825218612015,1912.0935301823233,Medium-term (8-30d)
2023-07-29,Hell's Kitchen,1622.1064353810061,2196.792221969373,1684.9638301403727,2697.9445685746623,1909.4493286751895,Medium-term (8-30d)
2023-07-30,Hell's Kitchen,1622.111218255606,2211.6385377533697,1734.4862450372543,2680.753314802172,1916.874878004488,Medium-term (8-30d)
2023-07-01,Lower Manhattan,1787.2960216833133,1991.3518198042057,1596.728822344689,2391.288397422688,1889.3239207437596,Short-term (1-7d)
2023-07-02,Lower Manhattan,1806.7534755143108,1942.0652392833938,1557.0263001014457,2318.5470510072187,1874.4093573988523,Short-term (1-7d)
2023-07-03,Lower Manhattan,1814.8998174334724,2039.1826030476936,1606.1405163240922,2446.217614401146,1927.041210240583,Short-term (1-7d)
2023-07-04,Lower Manhattan,1760.2753176944836,1980.479825956085,1586.7293232745699,2384.8184547256997,1870.3775718252843,Short-term (1-7d)
2023-07-05,Lower Manhattan,1906.9027704955104,1962.416196228927,1567.2961554341632,2355.0075612651112,1934.6594833622187,Short-term (1-7d)
2023-07-06,Lower Manhattan,1994.380701097426,1996.7888691195544,1620.1844922480989,2402.5072989060936,1995.5847851084902,Short-term (1-7d)
2023-07-07,Lower Manhattan,1908.550403785388,1997.8261945779832,1570.5791813983622,2371.1364649040606,1953.1882991816856,Short-term (1-7d)
2023-07-08,Lower Manhattan,1914.3472212701006,2048.1612333153607,1676.4588175100653,2453.0776273831625,1981.2542272927308,Medium-term (8-30d)
2023-07-09,Lower Manhattan,1903.7826082686768,1998.8746527946444,1597.3820050289723,2394.2907743850988,1951.3286305316606,Medium-term (8-30d)
2023-07-10,Lower Manhattan,1898.4782212504851,2095.992016558844,1704.4966877508114,2496.177831637685,1997.2351189046647,Medium-term (8-30d)
2023-07-11,Lower Manhattan,1941.252537531334,2037.2892394673138,1636.0388748380994,2438.1613418697216,1989.270888499324,Medium-term (8-30d)
2023-07-12,Lower Manhattan,1827.1199695222863,2019.2256097400798,1600.1837077195262,2397.225646659988,1923.1727896311832,Medium-term (8-30d)
2023-07-13,Lower Manhattan,1759.0087362627698,2053.598282630691,1675.909944508863,2441.389781746854,1906.3035094467305,Medium-term (8-30d)
2023-07-14,Lower Manhattan,1825.8517119231658,2054.63560808917,1617.746526376267,2461.126962408835,1940.2436600061678,Medium-term (8-30d)
2023-07-15,Lower Manhattan,1821.3380686192402,2104.970646826584,1727.6989058935067,2491.2375728325223,1963.1543577229122,Medium-term (8-30d)
2023-07-16,Lower Manhattan,1829.5653883034345,2055.6840663057733,1637.878370419736,2465.583412144317,1942.6247273046038,Medium-term (8-30d)
2023-07-17,Lower Manhattan,1833.6962048506512,2152.8014300700424,1783.9638483412075,2555.459515184488,1993.2488174603468,Medium-term (8-30d)
2023-07-18,Lower Manhattan,1800.3857675058023,2094.0986529783368,1717.5242171640252,2485.592874922304,1947.2422102420696,Medium-term (8-30d)
2023-07-19,Lower Manhattan,1889.266361768312,2076.0350232514693,1670.774278537112,2482.432762433172,1982.6506925098906,Medium-term (8-30d)
2023-07-20,Lower Manhattan,1942.3078986801727,2110.407696141991,1709.9327885083026,2513.166762517524,2026.3577974110817,Medium-term (8-30d)
2023-07-21,Lower Manhattan,1890.2540162205373,2111.4450216003365,1727.156633211316,2507.1217069333807,2000.849518910437,Medium-term (8-30d)
2023-07-22,Lower Manhattan,1893.7690102395545,2161.780060337808,1746.9704016713692,2534.8363192236643,2027.7745352886814,Medium-term (8-30d)
2023-07-23,Lower Manhattan,1887.3619954714243,2112.493479817024,1711.0519324548707,2511.8221197361563,1999.9277376442242,Medium-term (8-30d)
2023-07-24,Lower Manhattan,1884.1451273238208,2209.610843581375,1831.6227227741117,2607.7509973877654,2046.8779854525978,Medium-term (8-30d)
2023-07-25,Lower Manhattan,1910.0855881712214,2150.9080664895646,1725.8767984147087,2521.6973801301588,2030.496827330393,Medium-term (8-30d)
2023-07-26,Lower Manhattan,1840.8699380832313,2132.844436762621,1718.8806648160953,2549.2180573782016,1986.8571874229262,Medium-term (8-30d)
2023-07-27,Lower Manhattan,1799.5639084657992,2167.2171096532907,1786.5253951859518,2564.8468814587613,1983.390509059545,Medium-term (8-30d)
2023-07-28,Lower Manhattan,1840.1008034308463,2168.254435111524,1766.6262249778017,2555.2877070561713,2004.177619271185,Medium-term (8-30d)
2023-07-29,Lower Manhattan,1837.3635062952847,2218.589473848963,1823.484768556475,2660.150272001378,2027.9764900721239,Medium-term (8-30d)
2023-07-30,Lower Manhattan,1842.352960922355,2169.3028933282744,1738.4294768561394,2557.2277525195336,2005.8279271253145,Medium-term (8-30d)
