datetime,transactions,lag_1,lag_24,lag_168,roll_24,roll_168,store_location,hour,dayofweek,is_weekend,day_index,store_Astoria,store_Hell's Kitchen,store_Lower Manhattan,pred_gb,pred_snaive,thr,actual_peak
2023-06-24 07:00:00,36.0,,38.0,78.0,31.46153846153846,32.175824175824175,Astoria,7,5,1,174,1,0,0,33.3326401524275,78.0,45.0,False
2023-06-24 08:00:00,32.0,36.0,26.0,50.0,31.307692307692307,31.714285714285715,Astoria,8,5,1,174,1,0,0,53.222086155647666,50.0,45.0,False
2023-06-24 09:00:00,29.0,32.0,21.0,58.0,31.76923076923077,31.516483516483518,Astoria,9,5,1,174,1,0,0,46.69147982650584,58.0,45.0,False
2023-06-24 10:00:00,37.0,29.0,34.0,90.0,32.38461538461539,31.197802197802197,Astoria,10,5,1,174,1,0,0,35.22479213645696,90.0,45.0,False
2023-06-24 11:00:00,50.0,37.0,35.0,22.0,32.61538461538461,30.615384615384617,Astoria,11,5,1,174,1,0,0,33.36586706503318,22.0,45.0,True
2023-06-24 12:00:00,34.0,50.0,31.0,16.0,33.76923076923077,30.923076923076923,Astoria,12,5,1,174,1,0,0,27.801898310677185,16.0,45.0,False
2023-06-24 13:00:00,41.0,34.0,32.0,12.0,34.0,31.12087912087912,Astoria,13,5,1,174,1,0,0,26.66213869335236,12.0,45.0,False
2023-06-24 14:00:00,47.0,41.0,35.0,19.0,34.69230769230769,31.439560439560438,Astoria,14,5,1,174,1,0,0,29.181063653635487,19.0,45.0,True
2023-06-24 15:00:00,33.0,47.0,25.0,15.0,35.61538461538461,31.747252747252748,Astoria,15,5,1,174,1,0,0,27.93515126273683,15.0,45.0,False
2023-06-24 16:00:00,33.0,33.0,40.0,12.0,36.23076923076923,31.945054945054945,Astoria,16,5,1,174,1,0,0,26.64499325693448,12.0,45.0,False
2023-06-24 17:00:00,30.0,33.0,31.0,28.0,35.69230769230769,32.175824175824175,Astoria,17,5,1,174,1,0,0,29.248139203879457,28.0,45.0,False
2023-06-24 18:00:00,39.0,30.0,20.0,21.0,35.61538461538461,32.1978021978022,Astoria,18,5,1,174,1,0,0,28.824306441841067,21.0,45.0,False
2023-06-24 19:00:00,31.0,39.0,41.0,14.0,37.07692307692308,32.395604395604394,Astoria,19,5,1,174,1,0,0,25.412434022183877,14.0,45.0,False
2023-06-25 07:00:00,29.0,,36.0,65.0,36.30769230769231,32.582417582417584,Astoria,7,6,1,175,1,0,0,37.128605424433985,65.0,45.0,False
2023-06-25 08:00:00,43.0,29.0,32.0,51.0,35.76923076923077,32.18681318681319,Astoria,8,6,1,175,1,0,0,53.221549081356265,51.0,45.0,False
2023-06-25 09:00:00,17.0,43.0,29.0,64.0,36.61538461538461,32.0989010989011,Astoria,9,6,1,175,1,0,0,38.297838770936465,64.0,45.0,False
2023-06-25 10:00:00,32.0,17.0,37.0,93.0,35.69230769230769,31.582417582417584,Astoria,10,6,1,175,1,0,0,29.01456107606281,93.0,45.0,False
2023-06-25 11:00:00,28.0,32.0,50.0,12.0,35.30769230769231,30.912087912087912,Astoria,11,6,1,175,1,0,0,28.856794381164892,12.0,45.0,False
2023-06-25 12:00:00,28.0,28.0,34.0,19.0,33.61538461538461,31.087912087912088,Astoria,12,6,1,175,1,0,0,29.02201649094957,19.0,45.0,False
2023-06-25 13:00:00,41.0,28.0,41.0,18.0,33.15384615384615,31.186813186813186,Astoria,13,6,1,175,1,0,0,29.07984357637626,18.0,45.0,False
2023-06-25 14:00:00,28.0,41.0,47.0,19.0,33.15384615384615,31.439560439560438,Astoria,14,6,1,175,1,0,0,29.155269443009217,19.0,45.0,False
2023-06-25 15:00:00,31.0,28.0,33.0,12.0,31.692307692307693,31.53846153846154,Astoria,15,6,1,175,1,0,0,26.61919904630821,12.0,45.0,False
2023-06-25 16:00:00,35.0,31.0,33.0,22.0,31.53846153846154,31.747252747252748,Astoria,16,6,1,175,1,0,0,30.468654778509993,22.0,45.0,False
2023-06-25 17:00:00,27.0,35.0,30.0,36.0,31.692307692307693,31.89010989010989,Astoria,17,6,1,175,1,0,0,25.426387468331136,36.0,45.0,False
2023-06-25 18:00:00,26.0,27.0,39.0,10.0,31.46153846153846,31.791208791208792,Astoria,18,6,1,175,1,0,0,24.108626489878073,10.0,45.0,False
2023-06-25 19:00:00,31.0,26.0,31.0,16.0,30.46153846153846,31.967032967032967,Astoria,19,6,1,175,1,0,0,25.80955903186512,16.0,45.0,False
2023-06-26 07:00:00,38.0,,29.0,56.0,30.46153846153846,32.13186813186813,Astoria,7,0,0,176,1,0,0,43.306793183002604,56.0,45.0,False
2023-06-26 08:00:00,34.0,38.0,43.0,73.0,31.153846153846153,31.934065934065934,Astoria,8,0,0,176,1,0,0,36.59018825735234,73.0,45.0,False
2023-06-26 09:00:00,39.0,34.0,17.0,85.0,30.46153846153846,31.505494505494507,Astoria,9,0,0,176,1,0,0,30.0436015157762,85.0,45.0,False
2023-06-26 10:00:00,29.0,39.0,32.0,92.0,32.15384615384615,31.0,Astoria,10,0,0,176,1,0,0,44.56447103946614,92.0,45.0,False
2023-06-26 11:00:00,30.0,29.0,28.0,23.0,31.923076923076923,30.307692307692307,Astoria,11,0,0,176,1,0,0,33.56505960507087,23.0,45.0,False
2023-06-26 12:00:00,32.0,30.0,28.0,16.0,32.07692307692308,30.384615384615383,Astoria,12,0,0,176,1,0,0,27.65480268857691,16.0,45.0,False
2023-06-26 13:00:00,32.0,32.0,41.0,18.0,32.38461538461539,30.560439560439562,Astoria,13,0,0,176,1,0,0,28.958542164902255,18.0,45.0,False
2023-06-26 14:00:00,27.0,32.0,28.0,27.0,31.692307692307693,30.714285714285715,Astoria,14,0,0,176,1,0,0,30.597307700949695,27.0,45.0,False
2023-06-26 15:00:00,33.0,27.0,31.0,13.0,31.615384615384617,30.714285714285715,Astoria,15,0,0,176,1,0,0,27.501655583304668,13.0,45.0,False
2023-06-26 16:00:00,40.0,33.0,35.0,14.0,31.76923076923077,30.934065934065934,Astoria,16,0,0,176,1,0,0,27.501655583304668,14.0,45.0,False
2023-06-26 17:00:00,35.0,40.0,27.0,18.0,32.15384615384615,31.21978021978022,Astoria,17,0,0,176,1,0,0,27.947595124437633,18.0,45.0,False
2023-06-26 18:00:00,36.0,35.0,26.0,32.0,32.76923076923077,31.406593406593405,Astoria,18,0,0,176,1,0,0,25.464595606144805,32.0,45.0,False
2023-06-26 19:00:00,27.0,36.0,31.0,22.0,33.53846153846154,31.45054945054945,Astoria,19,0,0,176,1,0,0,28.593843508928508,22.0,45.0,False
2023-06-27 07:00:00,26.0,,38.0,36.0,33.23076923076923,31.505494505494507,Astoria,7,1,0,177,1,0,0,44.46038267212489,36.0,45.0,False
2023-06-27 08:00:00,34.0,26.0,34.0,83.0,32.30769230769231,31.395604395604394,Astoria,8,1,0,177,1,0,0,30.644764146616044,83.0,45.0,False
2023-06-27 09:00:00,25.0,34.0,39.0,78.0,32.30769230769231,30.857142857142858,Astoria,9,1,0,177,1,0,0,31.452474875123507,78.0,45.0,False
2023-06-27 10:00:00,38.0,25.0,29.0,54.0,31.23076923076923,30.274725274725274,Astoria,10,1,0,177,1,0,0,55.440252274086816,54.0,45.0,False
2023-06-27 11:00:00,44.0,38.0,30.0,17.0,31.923076923076923,30.0989010989011,Astoria,11,1,0,177,1,0,0,30.258638001477266,17.0,45.0,False
2023-06-27 12:00:00,24.0,44.0,32.0,13.0,33.0,30.395604395604394,Astoria,12,1,0,177,1,0,0,26.892847240813666,13.0,45.0,False
2023-06-27 13:00:00,32.0,24.0,32.0,18.0,32.38461538461539,30.516483516483518,Astoria,13,1,0,177,1,0,0,28.816659395212383,18.0,45.0,False
2023-06-27 14:00:00,40.0,32.0,27.0,30.0,32.38461538461539,30.67032967032967,Astoria,14,1,0,177,1,0,0,25.88080203673406,30.0,45.0,False
2023-06-27 15:00:00,35.0,40.0,33.0,21.0,33.38461538461539,30.78021978021978,Astoria,15,1,0,177,1,0,0,29.913108643871734,21.0,45.0,False
2023-06-27 16:00:00,27.0,35.0,40.0,21.0,33.53846153846154,30.934065934065934,Astoria,16,1,0,177,1,0,0,29.913108643871734,21.0,45.0,False
2023-06-27 17:00:00,28.0,27.0,35.0,18.0,32.53846153846154,31.0,Astoria,17,1,0,177,1,0,0,27.80571235474776,18.0,45.0,False
2023-06-27 18:00:00,34.0,28.0,36.0,16.0,32.0,31.10989010989011,Astoria,18,1,0,177,1,0,0,26.268392277125873,16.0,45.0,False
2023-06-27 19:00:00,34.0,34.0,27.0,29.0,31.846153846153847,31.307692307692307,Astoria,19,1,0,177,1,0,0,29.56745693909045,29.0,45.0,False
2023-06-28 07:00:00,32.0,,26.0,0.0,32.38461538461539,31.36263736263736,Astoria,7,2,0,178,1,0,0,11.199269703539152,0.0,45.0,False
2023-06-28 08:00:00,35.0,32.0,34.0,60.0,32.84615384615385,31.714285714285715,Astoria,8,2,0,178,1,0,0,37.536831554881296,60.0,45.0,False
2023-06-28 09:00:00,27.0,35.0,25.0,77.0,32.92307692307692,31.439560439560438,Astoria,9,2,0,178,1,0,0,35.959205272851555,77.0,45.0,False
2023-06-28 10:00:00,29.0,27.0,38.0,64.0,33.07692307692308,30.89010989010989,Astoria,10,2,0,178,1,0,0,43.7288414706352,64.0,45.0,False
2023-06-28 11:00:00,39.0,29.0,44.0,12.0,32.38461538461539,30.505494505494507,Astoria,11,2,0,178,1,0,0,28.84366920286038,12.0,45.0,False
2023-06-28 12:00:00,30.0,39.0,24.0,7.0,32.0,30.802197802197803,Astoria,12,2,0,178,1,0,0,11.31526253833162,7.0,45.0,False
2023-06-28 13:00:00,24.0,30.0,32.0,15.0,32.46153846153846,31.054945054945055,Astoria,13,2,0,178,1,0,0,27.91337731022393,15.0,45.0,False
2023-06-28 14:00:00,29.0,24.0,40.0,4.0,31.846153846153847,31.153846153846153,Astoria,14,2,0,178,1,0,0,20.334833607063736,4.0,45.0,False
2023-06-28 15:00:00,33.0,29.0,35.0,20.0,31.0,31.428571428571427,Astoria,15,2,0,178,1,0,0,30.00387592790782,20.0,45.0,False
2023-06-28 16:00:00,27.0,33.0,27.0,8.0,30.846153846153847,31.571428571428573,Astoria,16,2,0,178,1,0,0,24.428701843401875,8.0,45.0,False
2023-06-28 17:00:00,28.0,27.0,28.0,16.0,30.846153846153847,31.78021978021978,Astoria,17,2,0,178,1,0,0,26.902430269759307,16.0,45.0,False
2023-06-28 18:00:00,29.0,28.0,34.0,19.0,30.846153846153847,31.912087912087912,Astoria,18,2,0,178,1,0,0,27.764363670883892,19.0,45.0,False
2023-06-28 19:00:00,31.0,29.0,34.0,15.0,30.46153846153846,32.02197802197802,Astoria,19,2,0,178,1,0,0,25.796433853560607,15.0,45.0,False
2023-06-29 07:00:00,34.0,,32.0,33.0,30.23076923076923,32.1978021978022,Astoria,7,3,0,179,1,0,0,40.82659600647457,33.0,45.0,False
2023-06-29 08:00:00,31.0,34.0,35.0,33.0,30.384615384615383,32.20879120879121,Astoria,8,3,0,179,1,0,0,52.376015362674714,33.0,45.0,False
2023-06-29 09:00:00,30.0,31.0,27.0,23.0,30.076923076923077,32.18681318681319,Astoria,9,3,0,179,1,0,0,51.90584232231888,23.0,45.0,False
2023-06-29 10:00:00,35.0,30.0,29.0,31.0,30.307692307692307,32.26373626373626,Astoria,10,3,0,179,1,0,0,56.541023666587314,31.0,45.0,False
2023-06-29 11:00:00,20.0,35.0,39.0,39.0,30.76923076923077,32.30769230769231,Astoria,11,3,0,179,1,0,0,29.95169224094481,39.0,45.0,False
2023-06-29 12:00:00,36.0,20.0,30.0,32.0,29.307692307692307,32.0989010989011,Astoria,12,3,0,179,1,0,0,25.730519087359692,32.0,45.0,False
2023-06-29 13:00:00,29.0,36.0,24.0,36.0,29.76923076923077,32.142857142857146,Astoria,13,3,0,179,1,0,0,25.407151462997774,36.0,45.0,False
2023-06-29 14:00:00,26.0,29.0,29.0,29.0,30.153846153846153,32.065934065934066,Astoria,14,3,0,179,1,0,0,30.256884517052452,29.0,45.0,False
2023-06-29 15:00:00,31.0,26.0,33.0,33.0,29.923076923076923,32.032967032967036,Astoria,15,3,0,179,1,0,0,25.573276294564035,33.0,45.0,False
2023-06-29 16:00:00,43.0,31.0,27.0,44.0,29.76923076923077,32.010989010989015,Astoria,16,3,0,179,1,0,0,24.37935220556172,44.0,45.0,False
2023-06-29 17:00:00,25.0,43.0,28.0,27.0,31.0,32.0,Astoria,17,3,0,179,1,0,0,29.263082913005718,27.0,45.0,False
2023-06-29 18:00:00,35.0,25.0,29.0,27.0,30.76923076923077,31.978021978021978,Astoria,18,3,0,179,1,0,0,29.263082913005718,27.0,45.0,False
2023-06-29 19:00:00,35.0,35.0,31.0,20.0,31.23076923076923,32.065934065934066,Astoria,19,3,0,179,1,0,0,27.957941005719423,20.0,45.0,False
2023-06-30 07:00:00,30.0,,34.0,38.0,31.53846153846154,32.23076923076923,Astoria,7,4,0,180,1,0,0,43.341062305765654,38.0,45.0,False
2023-06-30 08:00:00,58.0,30.0,31.0,26.0,31.23076923076923,32.142857142857146,Astoria,8,4,0,180,1,0,0,57.828241647304665,26.0,45.0,True
2023-06-30 09:00:00,45.0,58.0,30.0,21.0,33.30769230769231,32.494505494505496,Astoria,9,4,0,180,1,0,0,51.6134803688445,21.0,45.0,True
2023-06-30 10:00:00,66.0,45.0,35.0,34.0,34.46153846153846,32.75824175824176,Astoria,10,4,0,180,1,0,0,57.20257045560869,34.0,45.0,True
2023-06-30 11:00:00,26.0,66.0,20.0,35.0,36.84615384615385,33.10989010989011,Astoria,11,4,0,180,1,0,0,29.722672899149316,35.0,45.0,False
2023-06-30 12:00:00,17.0,26.0,36.0,31.0,37.30769230769231,33.010989010989015,Astoria,12,4,0,180,1,0,0,25.798454416266118,31.0,45.0,False
2023-06-30 13:00:00,21.0,17.0,29.0,32.0,35.84615384615385,32.857142857142854,Astoria,13,4,0,180,1,0,0,25.730519087359692,32.0,45.0,False
2023-06-30 14:00:00,24.0,21.0,26.0,35.0,35.23076923076923,32.73626373626374,Astoria,14,4,0,180,1,0,0,26.271873173317868,35.0,45.0,False
2023-06-30 15:00:00,17.0,24.0,31.0,25.0,35.07692307692308,32.61538461538461,Astoria,15,4,0,180,1,0,0,30.095685431990777,25.0,45.0,False
2023-06-30 16:00:00,21.0,17.0,43.0,40.0,34.0,32.527472527472526,Astoria,16,4,0,180,1,0,0,25.525392705641757,40.0,45.0,False
2023-06-30 17:00:00,23.0,21.0,25.0,31.0,32.30769230769231,32.31868131868132,Astoria,17,4,0,180,1,0,0,25.85842834135201,31.0,45.0,False
2023-06-30 18:00:00,31.0,23.0,35.0,20.0,32.15384615384615,32.23076923076923,Astoria,18,4,0,180,1,0,0,28.67995843214405,20.0,45.0,False
2023-06-30 19:00:00,25.0,31.0,35.0,41.0,31.846153846153847,32.35164835164835,Astoria,19,4,0,180,1,0,0,24.456471567065492,41.0,45.0,False
2023-06-24 06:00:00,21.0,,29.0,28.0,26.8,26.685714285714287,Hell's Kitchen,6,5,1,174,0,1,0,31.164526741384783,28.0,37.0,False
2023-06-24 07:00:00,46.0,21.0,51.0,35.0,26.266666666666666,26.61904761904762,Hell's Kitchen,7,5,1,174,0,1,0,32.812656440717724,35.0,37.0,True
2023-06-24 08:00:00,44.0,46.0,48.0,26.0,25.933333333333334,26.723809523809525,Hell's Kitchen,8,5,1,174,0,1,0,48.970540670418806,26.0,37.0,True
2023-06-24 09:00:00,37.0,44.0,59.0,41.0,25.666666666666668,26.895238095238096,Hell's Kitchen,9,5,1,174,0,1,0,48.53704875500891,41.0,37.0,True
2023-06-24 10:00:00,41.0,37.0,31.0,46.0,24.2,26.857142857142858,Hell's Kitchen,10,5,1,174,0,1,0,52.87878222571282,46.0,37.0,True
2023-06-24 11:00:00,23.0,41.0,33.0,24.0,24.866666666666667,26.80952380952381,Hell's Kitchen,11,5,1,174,0,1,0,22.445298470110878,24.0,37.0,False
2023-06-24 12:00:00,25.0,23.0,16.0,15.0,24.2,26.8,Hell's Kitchen,12,5,1,174,0,1,0,18.854165462925256,15.0,37.0,False
2023-06-24 13:00:00,15.0,25.0,15.0,12.0,24.8,26.895238095238096,Hell's Kitchen,13,5,1,174,0,1,0,17.898363166772953,12.0,37.0,False
2023-06-24 14:00:00,21.0,15.0,26.0,7.0,24.8,26.923809523809524,Hell's Kitchen,14,5,1,174,0,1,0,16.88604609915994,7.0,37.0,False
2023-06-24 15:00:00,20.0,21.0,20.0,10.0,24.466666666666665,27.057142857142857,Hell's Kitchen,15,5,1,174,0,1,0,17.542503074114375,10.0,37.0,False
2023-06-24 16:00:00,16.0,20.0,11.0,8.0,24.466666666666665,27.152380952380952,Hell's Kitchen,16,5,1,174,0,1,0,16.87477892673181,8.0,37.0,False
2023-06-24 17:00:00,16.0,16.0,17.0,10.0,24.8,27.228571428571428,Hell's Kitchen,17,5,1,174,0,1,0,17.619622435618147,10.0,37.0,False
2023-06-24 18:00:00,18.0,16.0,26.0,7.0,24.733333333333334,27.285714285714285,Hell's Kitchen,18,5,1,174,0,1,0,13.814400538958147,7.0,37.0,False
2023-06-24 19:00:00,16.0,18.0,20.0,4.0,24.2,27.39047619047619,Hell's Kitchen,19,5,1,174,0,1,0,10.181075230120962,4.0,37.0,False
2023-06-24 20:00:00,0.0,16.0,0.0,0.0,23.933333333333334,27.504761904761907,Hell's Kitchen,20,5,1,174,0,1,0,0.8681159667212154,0.0,37.0,False
2023-06-25 06:00:00,21.0,,21.0,25.0,23.933333333333334,27.504761904761907,Hell's Kitchen,6,6,1,175,0,1,0,28.376086632279524,25.0,37.0,False
2023-06-25 07:00:00,51.0,21.0,46.0,67.0,23.933333333333334,27.466666666666665,Hell's Kitchen,7,6,1,175,0,1,0,39.548399239772884,67.0,37.0,True
2023-06-25 08:00:00,49.0,51.0,44.0,73.0,24.266666666666666,27.314285714285713,Hell's Kitchen,8,6,1,175,0,1,0,47.138287449207574,73.0,37.0,True
2023-06-25 09:00:00,42.0,49.0,37.0,58.0,24.6,27.085714285714285,Hell's Kitchen,9,6,1,175,0,1,0,42.794355533758505,58.0,37.0,True
2023-06-25 10:00:00,42.0,42.0,41.0,64.0,24.933333333333334,26.933333333333334,Hell's Kitchen,10,6,1,175,0,1,0,42.58659967866563,64.0,37.0,True
2023-06-25 11:00:00,33.0,42.0,23.0,33.0,25.0,26.723809523809525,Hell's Kitchen,11,6,1,175,0,1,0,24.945193516778307,33.0,37.0,False
2023-06-25 12:00:00,19.0,33.0,25.0,18.0,25.666666666666668,26.723809523809525,Hell's Kitchen,12,6,1,175,0,1,0,19.115560628523472,18.0,37.0,False
2023-06-25 13:00:00,17.0,19.0,15.0,18.0,25.266666666666666,26.733333333333334,Hell's Kitchen,13,6,1,175,0,1,0,19.265959017001,18.0,37.0,False
2023-06-25 14:00:00,15.0,17.0,21.0,15.0,25.4,26.723809523809525,Hell's Kitchen,14,6,1,175,0,1,0,19.279136682699704,15.0,37.0,False
2023-06-25 15:00:00,12.0,15.0,20.0,15.0,25.0,26.723809523809525,Hell's Kitchen,15,6,1,175,0,1,0,19.279136682699704,15.0,37.0,False
2023-06-25 16:00:00,22.0,12.0,16.0,16.0,24.466666666666665,26.695238095238096,Hell's Kitchen,16,6,1,175,0,1,0,19.279136682699704,16.0,37.0,False
2023-06-25 17:00:00,20.0,22.0,16.0,21.0,24.866666666666667,26.752380952380953,Hell's Kitchen,17,6,1,175,0,1,0,20.415387864895983,21.0,37.0,False
2023-06-25 18:00:00,17.0,20.0,18.0,10.0,25.133333333333333,26.742857142857144,Hell's Kitchen,18,6,1,175,0,1,0,14.445063303286318,10.0,37.0,False
2023-06-25 19:00:00,16.0,17.0,16.0,18.0,25.066666666666666,26.80952380952381,Hell's Kitchen,19,6,1,175,0,1,0,16.202461391397453,18.0,37.0,False
2023-06-25 20:00:00,0.0,16.0,0.0,0.0,25.066666666666666,26.79047619047619,Hell's Kitchen,20,6,1,175,0,1,0,0.8747146422435245,0.0,37.0,False
2023-06-26 06:00:00,20.0,,21.0,47.0,25.066666666666666,26.79047619047619,Hell's Kitchen,6,0,0,176,0,1,0,45.94493787142315,47.0,37.0,False
2023-06-26 07:00:00,48.0,20.0,51.0,68.0,25.0,26.533333333333335,Hell's Kitchen,7,0,0,176,0,1,0,42.47378434169159,68.0,37.0,True
2023-06-26 08:00:00,47.0,48.0,49.0,68.0,24.8,26.34285714285714,Hell's Kitchen,8,0,0,176,0,1,0,48.49783826936475,68.0,37.0,True
2023-06-26 09:00:00,52.0,47.0,42.0,53.0,24.666666666666668,26.142857142857142,Hell's Kitchen,9,0,0,176,0,1,0,49.92859644019033,53.0,37.0,True
2023-06-26 10:00:00,51.0,52.0,42.0,52.0,25.333333333333332,26.133333333333333,Hell's Kitchen,10,0,0,176,0,1,0,53.0474358799226,52.0,37.0,True
2023-06-26 11:00:00,31.0,51.0,33.0,32.0,25.933333333333334,26.123809523809523,Hell's Kitchen,11,0,0,176,0,1,0,25.852496786463867,32.0,37.0,False
2023-06-26 12:00:00,11.0,31.0,19.0,25.0,25.8,26.114285714285714,Hell's Kitchen,12,0,0,176,0,1,0,20.238185598614635,25.0,37.0,False
2023-06-26 13:00:00,24.0,11.0,17.0,12.0,25.266666666666666,25.98095238095238,Hell's Kitchen,13,0,0,176,0,1,0,18.324820251850547,12.0,37.0,False
2023-06-26 14:00:00,20.0,24.0,15.0,9.0,25.733333333333334,26.095238095238095,Hell's Kitchen,14,0,0,176,0,1,0,17.301236011809404,9.0,37.0,False
2023-06-26 15:00:00,12.0,20.0,12.0,24.0,26.066666666666666,26.2,Hell's Kitchen,15,0,0,176,0,1,0,20.441954453565245,24.0,37.0,False
2023-06-26 16:00:00,17.0,12.0,22.0,19.0,26.066666666666666,26.085714285714285,Hell's Kitchen,16,0,0,176,0,1,0,19.813131547147634,19.0,37.0,False
2023-06-26 17:00:00,20.0,17.0,20.0,13.0,25.733333333333334,26.066666666666666,Hell's Kitchen,17,0,0,176,0,1,0,19.382514484172262,13.0,37.0,False
2023-06-26 18:00:00,20.0,20.0,17.0,17.0,25.733333333333334,26.133333333333333,Hell's Kitchen,18,0,0,176,0,1,0,17.10749263329534,17.0,37.0,False
2023-06-26 19:00:00,14.0,20.0,16.0,15.0,25.933333333333334,26.16190476190476,Hell's Kitchen,19,0,0,176,0,1,0,15.966882478592689,15.0,37.0,False
2023-06-26 20:00:00,0.0,14.0,0.0,0.0,25.8,26.152380952380952,Hell's Kitchen,20,0,0,176,0,1,0,0.9788526519073685,0.0,37.0,False
2023-06-27 06:00:00,0.0,,20.0,0.0,25.8,26.152380952380952,Hell's Kitchen,6,1,0,177,0,1,0,0.0,0.0,37.0,False
2023-06-27 07:00:00,0.0,0.0,48.0,0.0,24.466666666666665,26.152380952380952,Hell's Kitchen,7,1,0,177,0,1,0,1.345344792552423,0.0,37.0,False
2023-06-27 08:00:00,71.0,0.0,47.0,94.0,21.266666666666666,26.152380952380952,Hell's Kitchen,8,1,0,177,0,1,0,48.055623623314744,94.0,37.0,True
2023-06-27 09:00:00,97.0,71.0,52.0,74.0,22.866666666666667,25.933333333333334,Hell's Kitchen,9,1,0,177,0,1,0,51.59911633589395,74.0,37.0,True
2023-06-27 10:00:00,99.0,97.0,51.0,82.0,25.866666666666667,26.152380952380952,Hell's Kitchen,10,1,0,177,0,1,0,76.60443283153226,82.0,37.0,True
2023-06-27 11:00:00,8.0,99.0,31.0,8.0,29.066666666666666,26.314285714285713,Hell's Kitchen,11,1,0,177,0,1,0,15.907651372140485,8.0,37.0,False
2023-06-27 12:00:00,21.0,8.0,11.0,8.0,27.533333333333335,26.314285714285713,Hell's Kitchen,12,1,0,177,0,1,0,13.731662601745647,8.0,37.0,False
2023-06-27 13:00:00,14.0,21.0,24.0,13.0,28.2,26.438095238095237,Hell's Kitchen,13,1,0,177,0,1,0,18.726626148079802,13.0,37.0,False
2023-06-27 14:00:00,8.0,14.0,20.0,26.0,27.533333333333335,26.447619047619046,Hell's Kitchen,14,1,0,177,0,1,0,20.864626229504058,26.0,37.0,False
2023-06-27 15:00:00,20.0,8.0,12.0,15.0,26.733333333333334,26.276190476190475,Hell's Kitchen,15,1,0,177,0,1,0,19.188864376429525,15.0,37.0,False
2023-06-27 16:00:00,12.0,20.0,17.0,16.0,27.266666666666666,26.323809523809523,Hell's Kitchen,16,1,0,177,0,1,0,19.188864376429525,16.0,37.0,False
2023-06-27 17:00:00,19.0,12.0,20.0,10.0,26.933333333333334,26.285714285714285,Hell's Kitchen,17,1,0,177,0,1,0,17.5035559187217,10.0,37.0,False
2023-06-27 18:00:00,14.0,19.0,20.0,9.0,26.866666666666667,26.37142857142857,Hell's Kitchen,18,1,0,177,0,1,0,13.687066849633574,9.0,37.0,False
2023-06-27 19:00:00,11.0,14.0,14.0,20.0,26.466666666666665,26.419047619047618,Hell's Kitchen,19,1,0,177,0,1,0,16.659855356984405,20.0,37.0,False
2023-06-27 20:00:00,20.0,11.0,0.0,21.0,26.266666666666666,26.333333333333332,Hell's Kitchen,20,1,0,177,0,1,0,15.768317756564066,21.0,37.0,False
2023-06-28 06:00:00,0.0,,0.0,0.0,27.6,26.323809523809523,Hell's Kitchen,6,2,0,178,0,1,0,0.0,0.0,37.0,False
2023-06-28 07:00:00,0.0,0.0,0.0,0.0,27.6,26.323809523809523,Hell's Kitchen,7,2,0,178,0,1,0,1.4332130545756276,0.0,37.0,False
2023-06-28 08:00:00,28.0,0.0,71.0,92.0,27.6,26.323809523809523,Hell's Kitchen,8,2,0,178,0,1,0,50.35439846601902,92.0,37.0,False
2023-06-28 09:00:00,27.0,28.0,97.0,100.0,24.733333333333334,25.714285714285715,Hell's Kitchen,9,2,0,178,0,1,0,65.35040834566254,100.0,37.0,False
2023-06-28 10:00:00,28.0,27.0,99.0,99.0,20.066666666666666,25.01904761904762,Hell's Kitchen,10,2,0,178,0,1,0,78.0034287747126,99.0,37.0,False
2023-06-28 11:00:00,22.0,28.0,8.0,9.0,15.333333333333334,24.34285714285714,Hell's Kitchen,11,2,0,178,0,1,0,15.984798500106152,9.0,37.0,False
2023-06-28 12:00:00,23.0,22.0,21.0,19.0,16.266666666666666,24.466666666666665,Hell's Kitchen,12,2,0,178,0,1,0,19.29763047502271,19.0,37.0,False
2023-06-28 13:00:00,36.0,23.0,14.0,27.0,16.4,24.504761904761907,Hell's Kitchen,13,2,0,178,0,1,0,20.20602206343909,27.0,37.0,False
2023-06-28 14:00:00,34.0,36.0,8.0,26.0,17.866666666666667,24.590476190476192,Hell's Kitchen,14,2,0,178,0,1,0,20.50638910536228,26.0,37.0,False
2023-06-28 15:00:00,24.0,34.0,20.0,22.0,19.6,24.666666666666668,Hell's Kitchen,15,2,0,178,0,1,0,20.269916637672168,22.0,37.0,False
2023-06-28 16:00:00,32.0,24.0,12.0,15.0,19.866666666666667,24.685714285714287,Hell's Kitchen,16,2,0,178,0,1,0,19.26601150439519,15.0,37.0,False
2023-06-28 17:00:00,29.0,32.0,19.0,13.0,21.2,24.847619047619048,Hell's Kitchen,17,2,0,178,0,1,0,19.181259679472433,13.0,37.0,False
2023-06-28 18:00:00,24.0,29.0,14.0,22.0,21.866666666666667,25.0,Hell's Kitchen,18,2,0,178,0,1,0,17.82403236707652,22.0,37.0,False
2023-06-28 19:00:00,27.0,24.0,11.0,15.0,22.533333333333335,25.01904761904762,Hell's Kitchen,19,2,0,178,0,1,0,15.902146836868477,15.0,37.0,False
2023-06-28 20:00:00,0.0,27.0,20.0,26.0,23.6,25.133333333333333,Hell's Kitchen,20,2,0,178,0,1,0,19.458179506252865,26.0,37.0,False
2023-06-29 06:00:00,0.0,,0.0,16.0,22.266666666666666,24.885714285714286,Hell's Kitchen,6,3,0,179,0,1,0,15.129210774570737,16.0,37.0,False
2023-06-29 07:00:00,0.0,0.0,0.0,34.0,22.266666666666666,24.733333333333334,Hell's Kitchen,7,3,0,179,0,1,0,35.08539805267454,34.0,37.0,False
2023-06-29 08:00:00,23.0,0.0,28.0,45.0,22.266666666666666,24.409523809523808,Hell's Kitchen,8,3,0,179,0,1,0,47.759906257351325,45.0,37.0,False
2023-06-29 09:00:00,25.0,23.0,27.0,39.0,21.933333333333334,24.2,Hell's Kitchen,9,3,0,179,0,1,0,47.598557075918535,39.0,37.0,False
2023-06-29 10:00:00,24.0,25.0,28.0,37.0,21.8,24.066666666666666,Hell's Kitchen,10,3,0,179,0,1,0,52.43459280361686,37.0,37.0,False
2023-06-29 11:00:00,32.0,24.0,22.0,26.0,21.533333333333335,23.942857142857143,Hell's Kitchen,11,3,0,179,0,1,0,25.232213990666118,26.0,37.0,False
2023-06-29 12:00:00,19.0,32.0,23.0,16.0,22.2,24.0,Hell's Kitchen,12,3,0,179,0,1,0,18.869109172051516,16.0,37.0,False
2023-06-29 13:00:00,25.0,19.0,36.0,18.0,21.933333333333334,24.02857142857143,Hell's Kitchen,13,3,0,179,0,1,0,19.30669693675353,18.0,37.0,False
2023-06-29 14:00:00,22.0,25.0,34.0,18.0,21.2,24.095238095238095,Hell's Kitchen,14,3,0,179,0,1,0,19.60706397867672,18.0,37.0,False
2023-06-29 15:00:00,19.0,22.0,24.0,20.0,20.4,24.133333333333333,Hell's Kitchen,15,3,0,179,0,1,0,20.154730250533863,20.0,37.0,False
2023-06-29 16:00:00,32.0,19.0,32.0,16.0,20.066666666666666,24.123809523809523,Hell's Kitchen,16,3,0,179,0,1,0,19.319874602452234,16.0,37.0,False
2023-06-29 17:00:00,32.0,32.0,29.0,16.0,20.066666666666666,24.276190476190475,Hell's Kitchen,17,3,0,179,0,1,0,19.396993963956007,16.0,37.0,False
2023-06-29 18:00:00,15.0,32.0,24.0,18.0,20.266666666666666,24.428571428571427,Hell's Kitchen,18,3,0,179,0,1,0,17.16117970808107,18.0,37.0,False
2023-06-29 19:00:00,26.0,15.0,27.0,22.0,19.666666666666668,24.4,Hell's Kitchen,19,3,0,179,0,1,0,16.959915068202463,22.0,37.0,False
2023-06-29 20:00:00,0.0,26.0,0.0,0.0,19.6,24.438095238095237,Hell's Kitchen,20,3,0,179,0,1,0,0.8830596758474782,0.0,37.0,False
2023-06-30 06:00:00,20.0,,0.0,29.0,19.6,24.438095238095237,Hell's Kitchen,6,4,0,180,0,1,0,31.800460214796896,29.0,37.0,False
2023-06-30 07:00:00,27.0,20.0,0.0,51.0,20.933333333333334,24.35238095238095,Hell's Kitchen,7,4,0,180,0,1,0,44.84367139502107,51.0,37.0,False
2023-06-30 08:00:00,57.0,27.0,23.0,48.0,22.733333333333334,24.123809523809523,Hell's Kitchen,8,4,0,180,0,1,0,48.601425464336025,48.0,37.0,True
2023-06-30 09:00:00,62.0,57.0,25.0,59.0,25.0,24.20952380952381,Hell's Kitchen,9,4,0,180,0,1,0,39.86816108617813,59.0,37.0,True
2023-06-30 10:00:00,60.0,62.0,24.0,31.0,27.466666666666665,24.238095238095237,Hell's Kitchen,10,4,0,180,0,1,0,51.86802275056733,31.0,37.0,True
2023-06-30 11:00:00,28.0,60.0,32.0,33.0,29.866666666666667,24.514285714285716,Hell's Kitchen,11,4,0,180,0,1,0,24.985931436530837,33.0,37.0,False
2023-06-30 12:00:00,8.0,28.0,19.0,16.0,29.6,24.466666666666665,Hell's Kitchen,12,4,0,180,0,1,0,18.869109172051516,16.0,37.0,False
2023-06-30 13:00:00,11.0,8.0,25.0,15.0,28.866666666666667,24.39047619047619,Hell's Kitchen,13,4,0,180,0,1,0,19.019507560529043,15.0,37.0,False
2023-06-30 14:00:00,11.0,11.0,22.0,26.0,27.933333333333334,24.35238095238095,Hell's Kitchen,14,4,0,180,0,1,0,20.560252203419324,26.0,37.0,False
2023-06-30 15:00:00,13.0,11.0,19.0,20.0,27.2,24.20952380952381,Hell's Kitchen,15,4,0,180,0,1,0,20.154730250533863,20.0,37.0,False
2023-06-30 16:00:00,5.0,13.0,32.0,11.0,26.8,24.142857142857142,Hell's Kitchen,16,4,0,180,0,1,0,17.935368016803505,11.0,37.0,False
2023-06-30 17:00:00,15.0,5.0,32.0,17.0,25.0,24.085714285714285,Hell's Kitchen,17,4,0,180,0,1,0,19.6196237217276,17.0,37.0,False
2023-06-30 18:00:00,6.0,15.0,15.0,26.0,23.866666666666667,24.066666666666666,Hell's Kitchen,18,4,0,180,0,1,0,19.82219872921598,26.0,37.0,False
2023-06-30 19:00:00,14.0,6.0,26.0,20.0,23.266666666666666,23.876190476190477,Hell's Kitchen,19,4,0,180,0,1,0,16.790865583007115,20.0,37.0,False
2023-06-30 20:00:00,6.0,14.0,0.0,0.0,22.466666666666665,23.81904761904762,Hell's Kitchen,20,4,0,180,0,1,0,0.8830596758474782,0.0,37.0,False
2023-06-24 06:00:00,45.0,,43.0,56.0,23.733333333333334,25.438095238095237,Lower Manhattan,6,5,1,174,0,0,1,39.815778853370404,56.0,39.200000000000045,True
2023-06-24 07:00:00,42.0,45.0,45.0,56.0,23.866666666666667,25.333333333333332,Lower Manhattan,7,5,1,174,0,0,1,40.9961696496738,56.0,39.200000000000045,True
2023-06-24 08:00:00,48.0,42.0,33.0,46.0,23.666666666666668,25.2,Lower Manhattan,8,5,1,174,0,0,1,47.35386706098914,46.0,39.200000000000045,True
2023-06-24 09:00:00,41.0,48.0,49.0,43.0,24.666666666666668,25.21904761904762,Lower Manhattan,9,5,1,174,0,0,1,47.921543051470344,43.0,39.200000000000045,True
2023-06-24 10:00:00,60.0,41.0,59.0,48.0,24.133333333333333,25.2,Lower Manhattan,10,5,1,174,0,0,1,53.11026133222252,48.0,39.200000000000045,True
2023-06-24 11:00:00,21.0,60.0,21.0,19.0,24.2,25.314285714285713,Lower Manhattan,11,5,1,174,0,0,1,21.890815775946578,19.0,39.200000000000045,False
2023-06-24 12:00:00,3.0,21.0,17.0,23.0,24.2,25.333333333333332,Lower Manhattan,12,5,1,174,0,0,1,19.855430604903965,23.0,39.200000000000045,False
2023-06-24 13:00:00,19.0,3.0,14.0,21.0,23.266666666666666,25.142857142857142,Lower Manhattan,13,5,1,174,0,0,1,20.46661148614837,21.0,39.200000000000045,False
2023-06-24 14:00:00,31.0,19.0,22.0,14.0,23.6,25.123809523809523,Lower Manhattan,14,5,1,174,0,0,1,19.545975520952524,14.0,39.200000000000045,False
2023-06-24 15:00:00,25.0,31.0,13.0,14.0,24.2,25.285714285714285,Lower Manhattan,15,5,1,174,0,0,1,19.545975520952524,14.0,39.200000000000045,False
2023-06-24 16:00:00,21.0,25.0,15.0,21.0,25.0,25.39047619047619,Lower Manhattan,16,5,1,174,0,0,1,20.76697852807156,21.0,39.200000000000045,False
2023-06-24 17:00:00,13.0,21.0,15.0,22.0,25.4,25.39047619047619,Lower Manhattan,17,5,1,174,0,0,1,19.695745384439732,22.0,39.200000000000045,False
2023-06-24 18:00:00,14.0,13.0,10.0,8.0,25.266666666666666,25.304761904761904,Lower Manhattan,18,5,1,174,0,0,1,11.493687459428171,8.0,39.200000000000045,False
2023-06-24 19:00:00,0.0,14.0,0.0,0.0,25.533333333333335,25.36190476190476,Lower Manhattan,19,5,1,174,0,0,1,1.294178989129621,0.0,39.200000000000045,False
2023-06-24 20:00:00,0.0,0.0,0.0,0.0,25.533333333333335,25.36190476190476,Lower Manhattan,20,5,1,174,0,0,1,0.0,0.0,39.200000000000045,False
2023-06-25 06:00:00,45.0,,45.0,47.0,25.533333333333335,25.36190476190476,Lower Manhattan,6,6,1,175,0,0,1,48.18628966822073,47.0,39.200000000000045,True
2023-06-25 07:00:00,55.0,45.0,42.0,45.0,25.533333333333335,25.34285714285714,Lower Manhattan,7,6,1,175,0,0,1,48.80904204385733,45.0,39.200000000000045,True
2023-06-25 08:00:00,57.0,55.0,48.0,38.0,26.4,25.438095238095237,Lower Manhattan,8,6,1,175,0,0,1,45.623811670417716,38.0,39.200000000000045,True
2023-06-25 09:00:00,52.0,57.0,41.0,44.0,27.0,25.61904761904762,Lower Manhattan,9,6,1,175,0,0,1,47.88529763876912,44.0,39.200000000000045,True
2023-06-25 10:00:00,45.0,52.0,60.0,48.0,27.733333333333334,25.695238095238096,Lower Manhattan,10,6,1,175,0,0,1,53.10972425793112,48.0,39.200000000000045,True
2023-06-25 11:00:00,11.0,45.0,21.0,20.0,26.733333333333334,25.666666666666668,Lower Manhattan,11,6,1,175,0,0,1,22.49701253109948,20.0,39.200000000000045,False
2023-06-25 12:00:00,14.0,11.0,3.0,22.0,26.066666666666666,25.580952380952382,Lower Manhattan,12,6,1,175,0,0,1,19.829636394277696,22.0,39.200000000000045,False
2023-06-25 13:00:00,29.0,14.0,19.0,28.0,26.8,25.504761904761907,Lower Manhattan,13,6,1,175,0,0,1,20.06610886196781,28.0,39.200000000000045,False
2023-06-25 14:00:00,14.0,29.0,31.0,31.0,27.466666666666665,25.514285714285716,Lower Manhattan,14,6,1,175,0,0,1,19.4495167435999,31.0,39.200000000000045,False
2023-06-25 15:00:00,24.0,14.0,25.0,25.0,26.333333333333332,25.35238095238095,Lower Manhattan,15,6,1,175,0,0,1,20.00435315711226,25.0,39.200000000000045,False
2023-06-25 16:00:00,33.0,24.0,21.0,30.0,26.266666666666666,25.34285714285714,Lower Manhattan,16,6,1,175,0,0,1,19.4495167435999,30.0,39.200000000000045,False
2023-06-25 17:00:00,15.0,33.0,13.0,14.0,27.066666666666666,25.37142857142857,Lower Manhattan,17,6,1,175,0,0,1,18.504174854109955,14.0,39.200000000000045,False
2023-06-25 18:00:00,8.0,15.0,14.0,10.0,27.2,25.38095238095238,Lower Manhattan,18,6,1,175,0,0,1,12.135617396184466,10.0,39.200000000000045,False
2023-06-25 19:00:00,0.0,8.0,0.0,0.0,26.8,25.36190476190476,Lower Manhattan,19,6,1,175,0,0,1,1.30077766465193,0.0,39.200000000000045,False
2023-06-25 20:00:00,0.0,0.0,0.0,0.0,26.8,25.36190476190476,Lower Manhattan,20,6,1,175,0,0,1,0.0,0.0,39.200000000000045,False
2023-06-26 06:00:00,50.0,,45.0,57.0,26.8,25.36190476190476,Lower Manhattan,6,0,0,176,0,0,1,38.585520447889955,57.0,39.200000000000045,True
2023-06-26 07:00:00,46.0,50.0,55.0,45.0,27.133333333333333,25.295238095238094,Lower Manhattan,7,0,0,176,0,0,1,50.83314278082619,45.0,39.200000000000045,True
2023-06-26 08:00:00,51.0,46.0,57.0,51.0,26.533333333333335,25.304761904761904,Lower Manhattan,8,0,0,176,0,0,1,49.078469149724455,51.0,39.200000000000045,True
2023-06-26 09:00:00,54.0,51.0,52.0,36.0,26.133333333333333,25.304761904761904,Lower Manhattan,9,0,0,176,0,0,1,51.39758945659684,36.0,39.200000000000045,True
2023-06-26 10:00:00,38.0,54.0,45.0,40.0,26.266666666666666,25.476190476190474,Lower Manhattan,10,0,0,176,0,0,1,53.59745887448522,40.0,39.200000000000045,False
2023-06-26 11:00:00,18.0,38.0,11.0,26.0,25.8,25.457142857142856,Lower Manhattan,11,0,0,176,0,0,1,25.19843216327246,26.0,39.200000000000045,False
2023-06-26 12:00:00,18.0,18.0,14.0,34.0,26.266666666666666,25.38095238095238,Lower Manhattan,12,0,0,176,0,0,1,21.052854774135895,34.0,39.200000000000045,False
2023-06-26 13:00:00,17.0,18.0,29.0,19.0,26.533333333333335,25.228571428571428,Lower Manhattan,13,0,0,176,0,0,1,20.073120211066488,19.0,39.200000000000045,False
2023-06-26 14:00:00,20.0,17.0,14.0,19.0,25.733333333333334,25.20952380952381,Lower Manhattan,14,0,0,176,0,0,1,20.37348725298968,19.0,39.200000000000045,False
2023-06-26 15:00:00,20.0,20.0,24.0,25.0,26.133333333333333,25.21904761904762,Lower Manhattan,15,0,0,176,0,0,1,20.542954152550998,25.0,39.200000000000045,False
2023-06-26 16:00:00,13.0,20.0,33.0,21.0,25.866666666666667,25.17142857142857,Lower Manhattan,16,0,0,176,0,0,1,20.95023467265395,21.0,39.200000000000045,False
2023-06-26 17:00:00,20.0,13.0,15.0,15.0,24.533333333333335,25.095238095238095,Lower Manhattan,17,0,0,176,0,0,1,18.875096395745143,15.0,39.200000000000045,False
2023-06-26 18:00:00,11.0,20.0,8.0,12.0,24.866666666666667,25.142857142857142,Lower Manhattan,18,0,0,176,0,0,1,14.1564396529821,12.0,39.200000000000045,False
2023-06-26 19:00:00,0.0,11.0,0.0,0.0,25.066666666666666,25.133333333333333,Lower Manhattan,19,0,0,176,0,0,1,1.562355566104737,0.0,39.200000000000045,False
2023-06-26 20:00:00,0.0,0.0,0.0,0.0,25.066666666666666,25.133333333333333,Lower Manhattan,20,0,0,176,0,0,1,0.0,0.0,39.200000000000045,False
2023-06-27 06:00:00,0.0,,50.0,0.0,25.066666666666666,25.133333333333333,Lower Manhattan,6,1,0,177,0,0,1,5.001604984838584,0.0,39.200000000000045,False
2023-06-27 07:00:00,62.0,0.0,46.0,76.0,21.733333333333334,25.133333333333333,Lower Manhattan,7,1,0,177,0,0,1,42.522661226154156,76.0,39.200000000000045,True
2023-06-27 08:00:00,61.0,62.0,51.0,51.0,22.8,25.0,Lower Manhattan,8,1,0,177,0,0,1,49.47266926010099,51.0,39.200000000000045,True
2023-06-27 09:00:00,73.0,61.0,54.0,47.0,23.466666666666665,25.095238095238095,Lower Manhattan,9,1,0,177,0,0,1,52.025403253134165,47.0,39.200000000000045,True
2023-06-27 10:00:00,77.0,73.0,38.0,72.0,24.733333333333334,25.34285714285714,Lower Manhattan,10,1,0,177,0,0,1,40.80638801905284,72.0,39.200000000000045,True
2023-06-27 11:00:00,19.0,77.0,18.0,19.0,27.333333333333332,25.39047619047619,Lower Manhattan,11,1,0,177,0,0,1,21.77474925905013,19.0,39.200000000000045,False
2023-06-27 12:00:00,17.0,19.0,18.0,7.0,27.4,25.39047619047619,Lower Manhattan,12,1,0,177,0,0,1,10.521968813247586,7.0,39.200000000000045,False
2023-06-27 13:00:00,18.0,17.0,17.0,16.0,27.333333333333332,25.485714285714284,Lower Manhattan,13,1,0,177,0,0,1,19.291413148559414,16.0,39.200000000000045,False
2023-06-27 14:00:00,15.0,18.0,20.0,20.0,27.4,25.504761904761907,Lower Manhattan,14,1,0,177,0,0,1,20.426635838564234,20.0,39.200000000000045,False
2023-06-27 15:00:00,36.0,15.0,20.0,21.0,27.066666666666666,25.457142857142856,Lower Manhattan,15,1,0,177,0,0,1,20.650912011175112,21.0,39.200000000000045,False
2023-06-27 16:00:00,25.0,36.0,13.0,16.0,28.133333333333333,25.6,Lower Manhattan,16,1,0,177,0,0,1,19.591780190482606,16.0,39.200000000000045,False
2023-06-27 17:00:00,33.0,25.0,20.0,21.0,28.933333333333334,25.685714285714287,Lower Manhattan,17,1,0,177,0,0,1,19.634905554958813,21.0,39.200000000000045,False
2023-06-27 18:00:00,6.0,33.0,11.0,6.0,29.8,25.8,Lower Manhattan,18,1,0,177,0,0,1,11.140618130875476,6.0,39.200000000000045,False
2023-06-27 19:00:00,0.0,6.0,0.0,0.0,29.466666666666665,25.8,Lower Manhattan,19,1,0,177,0,0,1,1.001123180433399,0.0,39.200000000000045,False
2023-06-27 20:00:00,0.0,0.0,0.0,0.0,29.466666666666665,25.8,Lower Manhattan,20,1,0,177,0,0,1,0.0,0.0,39.200000000000045,False
2023-06-28 06:00:00,0.0,,0.0,0.0,29.466666666666665,25.8,Lower Manhattan,6,2,0,178,0,0,1,5.08947324686179,0.0,39.200000000000045,False
2023-06-28 07:00:00,31.0,0.0,62.0,64.0,29.466666666666665,25.8,Lower Manhattan,7,2,0,178,0,0,1,43.42065759930907,64.0,39.200000000000045,False
2023-06-28 08:00:00,27.0,31.0,61.0,45.0,27.4,25.485714285714284,Lower Manhattan,8,2,0,178,0,0,1,48.9528195182258,45.0,39.200000000000045,False
2023-06-28 09:00:00,30.0,27.0,73.0,46.0,25.133333333333333,25.314285714285713,Lower Manhattan,9,2,0,178,0,0,1,49.52049550870701,46.0,39.200000000000045,False
2023-06-28 10:00:00,33.0,30.0,77.0,57.0,22.266666666666666,25.16190476190476,Lower Manhattan,10,2,0,178,0,0,1,44.626058991052695,57.0,39.200000000000045,False
2023-06-28 11:00:00,31.0,33.0,19.0,20.0,19.333333333333332,24.933333333333334,Lower Manhattan,11,2,0,178,0,0,1,22.483887352794966,20.0,39.200000000000045,False
2023-06-28 12:00:00,25.0,31.0,17.0,20.0,20.133333333333333,25.038095238095238,Lower Manhattan,12,2,0,178,0,0,1,20.20341592460671,20.0,39.200000000000045,False
2023-06-28 13:00:00,32.0,25.0,18.0,21.0,20.666666666666668,25.085714285714285,Lower Manhattan,13,2,0,178,0,0,1,20.427692097217587,21.0,39.200000000000045,False
2023-06-28 14:00:00,31.0,32.0,15.0,29.0,21.6,25.19047619047619,Lower Manhattan,14,2,0,178,0,0,1,20.287368728183893,29.0,39.200000000000045,False
2023-06-28 15:00:00,38.0,31.0,36.0,14.0,22.666666666666668,25.20952380952381,Lower Manhattan,15,2,0,178,0,0,1,19.50705613202174,14.0,39.200000000000045,False
2023-06-28 16:00:00,28.0,38.0,25.0,13.0,22.8,25.438095238095237,Lower Manhattan,16,2,0,178,0,0,1,19.50705613202174,13.0,39.200000000000045,False
2023-06-28 17:00:00,25.0,28.0,33.0,9.0,23.0,25.580952380952382,Lower Manhattan,17,2,0,178,0,0,1,16.22276889563781,9.0,39.200000000000045,False
2023-06-28 18:00:00,12.0,25.0,6.0,13.0,22.466666666666665,25.733333333333334,Lower Manhattan,18,2,0,178,0,0,1,14.477952785388052,13.0,39.200000000000045,False
2023-06-28 19:00:00,0.0,12.0,0.0,0.0,22.866666666666667,25.723809523809525,Lower Manhattan,19,2,0,178,0,0,1,1.02091612117369,0.0,39.200000000000045,False
2023-06-28 20:00:00,0.0,0.0,0.0,0.0,22.866666666666667,25.723809523809525,Lower Manhattan,20,2,0,178,0,0,1,0.0,0.0,39.200000000000045,False
2023-06-29 06:00:00,0.0,,0.0,58.0,22.866666666666667,25.723809523809525,Lower Manhattan,6,3,0,179,0,0,1,38.81715463742601,58.0,39.200000000000045,False
2023-06-29 07:00:00,15.0,0.0,31.0,44.0,22.866666666666667,25.17142857142857,Lower Manhattan,7,3,0,179,0,0,1,48.49249491062485,44.0,39.200000000000045,False
2023-06-29 08:00:00,26.0,15.0,27.0,52.0,21.8,24.895238095238096,Lower Manhattan,8,3,0,179,0,0,1,47.79086578896528,52.0,39.200000000000045,False
2023-06-29 09:00:00,24.0,26.0,30.0,46.0,21.733333333333334,24.64761904761905,Lower Manhattan,9,3,0,179,0,0,1,47.568750505536634,46.0,39.200000000000045,False
2023-06-29 10:00:00,25.0,24.0,33.0,47.0,21.333333333333332,24.438095238095237,Lower Manhattan,10,3,0,179,0,0,1,53.18589660213103,47.0,39.200000000000045,False
2023-06-29 11:00:00,21.0,25.0,31.0,21.0,20.8,24.228571428571428,Lower Manhattan,11,3,0,179,0,0,1,22.762026623462887,21.0,39.200000000000045,False
2023-06-29 12:00:00,24.0,21.0,25.0,23.0,20.133333333333333,24.228571428571428,Lower Manhattan,12,3,0,179,0,0,1,19.870374314030226,23.0,39.200000000000045,False
2023-06-29 13:00:00,39.0,24.0,32.0,16.0,20.066666666666666,24.238095238095237,Lower Manhattan,13,3,0,179,0,0,1,19.422423374582124,16.0,39.200000000000045,False
2023-06-29 14:00:00,29.0,39.0,31.0,22.0,20.533333333333335,24.457142857142856,Lower Manhattan,14,3,0,179,0,0,1,20.170741355953417,22.0,39.200000000000045,False
2023-06-29 15:00:00,25.0,29.0,38.0,19.0,20.4,24.523809523809526,Lower Manhattan,15,3,0,179,0,0,1,20.205174817533553,19.0,39.200000000000045,False
2023-06-29 16:00:00,37.0,25.0,28.0,22.0,19.533333333333335,24.580952380952382,Lower Manhattan,16,3,0,179,0,0,1,20.170741355953417,22.0,39.200000000000045,False
2023-06-29 17:00:00,31.0,37.0,25.0,23.0,20.133333333333333,24.723809523809525,Lower Manhattan,17,3,0,179,0,0,1,19.710689093565993,23.0,39.200000000000045,False
2023-06-29 18:00:00,9.0,31.0,12.0,6.0,20.533333333333335,24.8,Lower Manhattan,18,3,0,179,0,0,1,11.690248007209993,6.0,39.200000000000045,False
2023-06-29 19:00:00,0.0,9.0,0.0,0.0,20.333333333333332,24.82857142857143,Lower Manhattan,19,3,0,179,0,0,1,1.3091226982558837,0.0,39.200000000000045,False
2023-06-29 20:00:00,0.0,0.0,0.0,0.0,20.333333333333332,24.82857142857143,Lower Manhattan,20,3,0,179,0,0,1,0.0,0.0,39.200000000000045,False
2023-06-30 06:00:00,22.0,,0.0,43.0,20.333333333333332,24.82857142857143,Lower Manhattan,6,4,0,180,0,0,1,47.039334164608675,43.0,39.200000000000045,False
2023-06-30 07:00:00,51.0,22.0,15.0,45.0,21.8,24.62857142857143,Lower Manhattan,7,4,0,180,0,0,1,48.49249491062485,45.0,39.200000000000045,True
2023-06-30 08:00:00,49.0,51.0,26.0,33.0,24.2,24.685714285714287,Lower Manhattan,8,4,0,180,0,0,1,46.73760390152077,33.0,39.200000000000045,True
2023-06-30 09:00:00,56.0,49.0,24.0,49.0,25.733333333333334,24.83809523809524,Lower Manhattan,9,4,0,180,0,0,1,47.260176222717746,49.0,39.200000000000045,True
2023-06-30 10:00:00,57.0,56.0,25.0,59.0,27.866666666666667,24.904761904761905,Lower Manhattan,10,4,0,180,0,0,1,41.809801508979845,59.0,39.200000000000045,True
2023-06-30 11:00:00,15.0,57.0,21.0,21.0,30.0,24.885714285714286,Lower Manhattan,11,4,0,180,0,0,1,22.762026623462887,21.0,39.200000000000045,False
2023-06-30 12:00:00,5.0,15.0,24.0,17.0,29.6,24.82857142857143,Lower Manhattan,12,4,0,180,0,0,1,19.49465474387619,17.0,39.200000000000045,False
2023-06-30 13:00:00,18.0,5.0,39.0,14.0,28.333333333333332,24.714285714285715,Lower Manhattan,13,4,0,180,0,0,1,19.260552188155593,14.0,39.200000000000045,False
2023-06-30 14:00:00,15.0,18.0,29.0,22.0,26.933333333333334,24.752380952380953,Lower Manhattan,14,4,0,180,0,0,1,20.170741355953417,22.0,39.200000000000045,False
2023-06-30 15:00:00,18.0,15.0,25.0,13.0,26.0,24.685714285714287,Lower Manhattan,15,4,0,180,0,0,1,19.560919230078785,13.0,39.200000000000045,False
2023-06-30 16:00:00,16.0,18.0,37.0,15.0,25.533333333333335,24.733333333333334,Lower Manhattan,16,4,0,180,0,0,1,19.722790416505315,15.0,39.200000000000045,False
2023-06-30 17:00:00,10.0,16.0,31.0,15.0,24.133333333333333,24.742857142857144,Lower Manhattan,17,4,0,180,0,0,1,18.706783960289016,15.0,39.200000000000045,False
2023-06-30 18:00:00,14.0,10.0,9.0,10.0,22.733333333333334,24.695238095238096,Lower Manhattan,18,4,0,180,0,0,1,12.176355315936998,10.0,39.200000000000045,False
2023-06-30 19:00:00,1.0,14.0,0.0,0.0,23.066666666666666,24.733333333333334,Lower Manhattan,19,4,0,180,0,0,1,1.3091226982558837,0.0,39.200000000000045,False
2023-06-30 20:00:00,1.0,1.0,0.0,0.0,23.133333333333333,24.742857142857144,Lower Manhattan,20,4,0,180,0,0,1,0.0,0.0,39.200000000000045,False
