store,model,MAE,RMSE,MAPE_%
Astoria,Naive,240.9032142857143,300.09920348468586,14.06143162242823
Astoria,Seasonal Naive (7d),247.73821428571432,316.20398132150626,13.088574148974455
Astoria,Moving Average (7d),242.86698979591833,315.18942188445527,12.801697946143895
Hell's Kitchen,Naive,296.5242857142857,369.3682271798699,14.633332392086999
Hell's Kitchen,Seasonal Naive (7d),489.64,592.0107616058536,24.480278350586378
Hell's Kitchen,Moving Average (7d),441.98755102040815,524.9408389455492,21.449935135821203
Lower Manhattan,Naive,417.62464285714276,483.413929652573,21.35614672095285
Lower Manhattan,Seasonal Naive (7d),403.6046428571429,466.6543233907575,21.508678444936802
Lower Manhattan,Moving Average (7d),281.9460714285713,352.2680719202177,14.493161897786022
Astoria,Exp Smoothing,277.5192207327164,323.33737739323396,16.253708582579744
Astoria,SARIMA,222.63999173353895,294.37262826667603,12.131041642592525
Astoria,Prophet,263.8505426482651,310.8969881957735,15.273670073214776
Hell's Kitchen,Exp Smoothing,308.0381709500886,391.6639522136199,15.063235444375042
Hell's Kitchen,SARIMA,331.8521624947544,415.8438259943796,16.059307659808063
Hell's Kitchen,Prophet,279.28775817475486,335.1306459619376,14.69940737282803
Lower Manhattan,Exp Smoothing,287.8002011559336,357.316811532299,14.849095549217694
Lower Manhattan,SARIMA,267.55569649065063,333.20863253971885,14.064005819742157
Lower Manhattan,Prophet,217.71889891019705,278.680210410791,12.769611418607246
Astoria,Gradient Boosting,273.4308904670839,344.1974827587879,14.617059493094562
Hell's Kitchen,Gradient Boosting,276.27078509308626,349.0075221286978,13.463498785192494
Lower Manhattan,Gradient Boosting,406.31233753493797,482.51495562439305,20.611286097357873
