ds,yhat,yhat_lower,yhat_upper,store
2023-06-03,1769.281435969826,1410.1219716572937,2161.299411364103,Astoria
2023-06-04,1811.786179114058,1432.564863960259,2158.4644963794976,Astoria
2023-06-05,1849.5524866455726,1483.3926978470001,2250.55708786112,Astoria
2023-06-06,1812.5229450119177,1425.524756389799,2200.9235606628877,Astoria
2023-06-07,1918.6511720494727,1556.1863719964254,2278.3851884378346,Astoria
2023-06-08,1835.7324884674704,1484.7342085321618,2211.0048412859237,Astoria
2023-06-09,1848.2717208473207,1453.071877049313,2210.597540451175,Astoria
2023-06-10,1836.3749772012497,1479.7668972537688,2206.9484033267872,Astoria
2023-06-11,1878.8797203458591,1519.5694505517176,2269.4117323511987,Astoria
2023-06-12,1916.6460278772058,1596.782996183253,2326.432823901613,Astoria
2023-06-13,1879.6164862433914,1528.798238786373,2278.4025659813915,Astoria
2023-06-14,1985.744713281074,1597.961244303288,2355.142950373846,Astoria
2023-06-15,1902.8260296990493,1517.1250159269275,2295.7355081666096,Astoria
2023-06-16,1915.365262079051,1534.4297030687142,2292.3630037453654,Astoria
2023-06-17,1903.4685184329282,1507.2867814137005,2267.2835541465583,Astoria
2023-06-18,1945.9732615774064,1549.4612961105101,2308.9895785047274,Astoria
2023-06-19,1983.739569108875,1645.7246214280556,2346.335869212101,Astoria
2023-06-20,1946.71002747498,1535.876313877978,2309.0286495025352,Astoria
2023-06-21,2052.8382545126765,1726.6298589878456,2458.32053583678,Astoria
2023-06-22,1969.9195709305138,1574.5037736422832,2368.490245392072,Astoria
2023-06-23,1982.4588033105765,1600.2381634690228,2368.4979415094895,Astoria
2023-06-24,1970.5620596644562,1595.865950933508,2360.843159952349,Astoria
2023-06-25,2013.0668028089538,1616.4450398562894,2389.9828449802203,Astoria
2023-06-26,2050.833110340508,1644.8327804765602,2446.630139120334,Astoria
2023-06-27,2013.8035687066808,1627.1018470710349,2371.9384485222868,Astoria
2023-06-28,2119.931795744278,1753.6454704214032,2524.1665219878755,Astoria
2023-06-29,2037.0131121620927,1682.1385877106634,2432.316599410475,Astoria
2023-06-30,2049.552344542102,1657.229995260366,2404.380874794667,Astoria
2023-06-03,1733.2232364585827,1263.7625919928357,2179.4711760758787,Hell's Kitchen
2023-06-04,1751.5029982263575,1300.9547522038886,2216.549328665698,Hell's Kitchen
2023-06-05,1742.3486647544912,1304.1806546567332,2155.7177080309,Hell's Kitchen
2023-06-06,1801.14714212204,1366.2906161305325,2234.1947429705847,Hell's Kitchen
2023-06-07,1726.8723350837804,1252.0109079077633,2181.712099866501,Hell's Kitchen
2023-06-08,1788.00584533098,1309.6761585660076,2257.3305344065807,Hell's Kitchen
2023-06-09,1784.3153699949091,1321.950491876281,2202.1257543043284,Hell's Kitchen
2023-06-10,1786.5799028731287,1341.5051047445374,2245.0620918486366,Hell's Kitchen
2023-06-11,1804.8596646406295,1353.2174628498456,2237.112052572968,Hell's Kitchen
2023-06-12,1795.705331168881,1360.313635075592,2285.6773874076857,Hell's Kitchen
2023-06-13,1854.5038085365227,1399.2400861810615,2284.5879870134886,Hell's Kitchen
2023-06-14,1780.229001498184,1335.0391834957977,2262.7155033617837,Hell's Kitchen
2023-06-15,1841.3625117453648,1379.7975576771669,2280.6976124181897,Hell's Kitchen
2023-06-16,1837.6720364091618,1396.3839797960434,2261.5737312768265,Hell's Kitchen
2023-06-17,1839.9365692874674,1388.9351571381908,2275.31701427086,Hell's Kitchen
2023-06-18,1858.2163310550804,1428.8959768798395,2288.7668768738567,Hell's Kitchen
2023-06-19,1849.06199758319,1392.4596115958666,2320.448109049365,Hell's Kitchen
2023-06-20,1907.8604749509127,1447.2816917565385,2334.8442547002965,Hell's Kitchen
2023-06-21,1833.5856679125218,1401.7217071299906,2266.336697542223,Hell's Kitchen
2023-06-22,1894.7191781598951,1456.1406074770143,2332.0700547075962,Hell's Kitchen
2023-06-23,1891.0287028236103,1387.9286607290464,2337.885221549924,Hell's Kitchen
2023-06-24,1893.2932357018892,1450.3724301657182,2352.275961430079,Hell's Kitchen
2023-06-25,1911.572997469531,1466.8184225843656,2378.5903052653825,Hell's Kitchen
2023-06-26,1902.4186639975794,1455.471347785993,2325.053815072042,Hell's Kitchen
2023-06-27,1961.217141365276,1541.7413215301087,2365.122158425442,Hell's Kitchen
2023-06-28,1886.9423343269252,1457.138635288653,2333.1019077906453,Hell's Kitchen
2023-06-29,1948.07584457428,1488.6669989372585,2389.3047085818785,Hell's Kitchen
2023-06-30,1944.385369238059,1501.268818475788,2375.7672109145306,Hell's Kitchen
2023-06-03,1805.5006851555645,1456.8345705756385,2176.3271544252243,Lower Manhattan
2023-06-04,1742.9174405112649,1401.530251833883,2117.067765137076,Lower Manhattan
2023-06-05,1858.1559235030902,1485.5539885343726,2206.2906341892353,Lower Manhattan
2023-06-06,1753.4971349424995,1383.94600994494,2100.6856690645345,Lower Manhattan
2023-06-07,1811.719639586851,1461.0763691195207,2182.8793723517283,Lower Manhattan
2023-06-08,1826.4940069796726,1468.661980604637,2183.2406087187974,Lower Manhattan
2023-06-09,1800.1694449742904,1422.4881256450753,2170.613255301377,Lower Manhattan
2023-06-10,1868.7492735617257,1490.5920086198712,2236.69590115252,Lower Manhattan
2023-06-11,1806.166028917638,1447.1121154562672,2198.6800813041355,Lower Manhattan
2023-06-12,1921.4045119093673,1553.7686009460074,2287.9305499069847,Lower Manhattan
2023-06-13,1816.7457233489606,1450.1402730636848,2174.9714951585647,Lower Manhattan
2023-06-14,1874.9682279930976,1505.5657716882333,2219.9585173343976,Lower Manhattan
2023-06-15,1889.742595386081,1522.9865779697095,2252.4937622798816,Lower Manhattan
2023-06-16,1863.4180333808397,1536.5627316516009,2230.2114368583448,Lower Manhattan
2023-06-17,1931.9978619680928,1569.9885324768736,2313.5194987353425,Lower Manhattan
2023-06-18,1869.4146173239603,1484.7726669043006,2239.9847576439656,Lower Manhattan
2023-06-19,1984.6531003157104,1604.7348872260188,2348.767554328174,Lower Manhattan
2023-06-20,1879.9943117553141,1526.8567047930726,2282.6291891597566,Lower Manhattan
2023-06-21,1938.2168163996923,1576.8385992462772,2305.720985441422,Lower Manhattan
2023-06-22,1952.9911837921184,1593.2644577817782,2333.9287276623973,Lower Manhattan
2023-06-23,1926.666621787069,1569.065523943418,2290.803310036844,Lower Manhattan
2023-06-24,1995.24645037443,1641.082487001855,2370.109049466226,Lower Manhattan
2023-06-25,1932.6632057302816,1587.5862077064523,2312.9634951148255,Lower Manhattan
2023-06-26,2047.9016887219873,1666.327611312937,2399.1410986416818,Lower Manhattan
2023-06-27,1943.2429001614119,1591.3684283061348,2298.167957716363,Lower Manhattan
2023-06-28,2001.465404805939,1639.728000910396,2364.7554416855824,Lower Manhattan
2023-06-29,2016.2397721985265,1645.1032207097885,2378.840397339746,Lower Manhattan
2023-06-30,1989.9152101932984,1633.2901442495972,2349.3687053822464,Lower Manhattan
